Employee ID,GENDER,Age,MARITAL STATUS,DriveDistanceMiles
3150,M,41,S,0.5
3151,F,65,M,0.61
3152,M,52,S,0.85
3153,F,38,M,0.99
3154,M,25,S,1
3155,F,41,M,1.11
3156,F,52,M,1.22
3157,F,25,S,1.22
3158,F,25,S,1.22
3159,M,52,S,1.23
3160,M,36,M,1.24
3161,M,53,S,1.27
3162,F,46,M,1.47
3163,M,80,S,1.5
3164,M,55,S,1.51
3165,F,35,M,1.58
3166,M,46,S,1.63
3167,M,36,S,1.68
3168,M,55,S,1.77
3169,F,65,S,1.89
3170,M,65,S,1.9
3171,M,21,S,1.91
3172,F,63,M,1.99
3173,F,53,M,2.03
3174,M,34,S,2.08
3175,M,70,S,2.15
3176,M,84,S,2.15
3177,M,25,S,2.16
3178,M,61,S,2.17
3179,M,25,S,2.18
3180,F,47,M,2.21
3181,F,47,M,2.21
3182,F,36,S,2.26
3183,F,41,S,2.34
3184,M,53,S,2.4
3185,M,25,S,2.45
3186,M,76,S,2.46
3187,M,25,S,2.47
3188,M,48,S,2.5
3189,M,36,M,2.52
3190,M,59,S,2.54
3191,F,59,M,2.61
3192,F,70,M,2.62
3193,M,55,S,2.63
3194,M,25,S,2.66
3195,M,47,M,2.71
3196,F,34,S,2.72
3197,F,47,M,2.74
3198,M,64,S,2.75
3199,M,58,S,2.8
3200,F,51,S,2.81
3201,M,83,S,2.82
3202,F,57,M,2.85
3203,F,26,M,2.86
3204,M,60,S,2.87
3205,M,38,S,2.94
3206,F,60,S,2.95
3207,F,69,S,2.98
3208,M,34,S,3
3209,M,59,S,3.03
3210,M,78,S,3.08
3211,F,61,S,3.09
3212,M,76,S,3.16
3213,F,44,M,3.21
3214,M,49,S,3.38
3215,M,55,S,3.4
3216,M,41,M,3.42
3217,F,46,M,3.49
3218,M,68,M,3.51
3219,F,35,S,3.52
3220,M,59,S,3.56
3221,F,67,S,3.56
3222,M,55,S,3.57
3223,M,64,S,3.61
3224,M,33,S,3.64
3225,M,54,S,3.68
3226,F,50,S,3.72
3227,F,29,M,3.73
3228,M,54,S,3.75
3229,F,36,M,3.76
3230,F,36,M,3.76
3231,M,55,M,3.78
3232,M,54,M,3.79
3233,M,66,S,3.8
3234,F,42,S,3.86
3235,M,48,S,3.87
3236,M,78,S,3.89
3237,M,58,S,3.89
3238,M,50,M,3.91
3239,F,67,M,3.93
3240,M,44,S,3.97
3241,M,50,S,3.99
3242,M,60,S,4.03
3243,M,64,S,4.05
3244,M,50,S,4.07
3245,M,51,S,4.07
3246,F,77,M,4.08
3247,F,79,S,4.12
3248,F,31,S,4.12
3249,M,44,S,4.14
3250,F,38,M,4.15
3251,M,66,S,4.19
3252,M,51,M,4.2
3253,F,58,S,4.21
3254,F,64,S,4.21
3255,M,66,M,4.22
3256,M,43,M,4.22
3257,F,75,M,4.23
3258,F,54,M,4.24
3259,F,43,M,4.26
3260,F,61,M,4.27
3261,F,64,M,4.27
3262,F,68,M,4.29
3263,M,51,M,4.31
3264,F,66,M,4.32
3265,M,58,M,4.36
3266,F,37,S,4.37
3267,F,63,S,4.39
3268,F,83,S,4.4
3269,M,51,M,4.4
3270,F,76,S,4.42
3271,M,83,S,4.44
3272,F,46,M,4.44
3273,M,42,M,4.49
3274,F,58,S,4.54
3275,M,68,S,4.57
3276,M,37,M,4.62
3277,M,50,M,4.66
3278,M,65,M,4.68
3279,F,64,S,4.75
3280,M,59,S,4.76
3281,M,59,S,4.78
3282,F,19,S,4.78
3283,M,64,S,4.79
3284,M,64,M,4.79
3285,M,85,S,4.8
3286,M,53,S,4.8
3287,F,64,M,4.82
3288,F,48,S,4.85
3289,F,49,S,4.88
3290,M,43,S,4.88
3291,F,67,M,4.9
3292,F,41,M,4.9
3293,M,84,M,4.93
3294,F,37,S,4.96
3295,F,67,M,5
3296,F,81,M,5
3297,M,54,S,5.07
3298,M,62,M,5.18
3299,M,74,M,5.25
3300,F,74,S,5.27
3301,F,51,S,5.29
3302,M,58,S,5.31
3303,F,52,M,5.32
3304,F,60,S,5.36
3305,M,63,M,5.37
3306,M,54,M,5.42
3307,M,38,S,5.44
3308,M,38,S,5.46
3309,F,65,S,5.48
3310,M,54,M,5.49
3311,F,51,S,5.49
3312,M,45,S,5.5
3313,F,58,M,5.54
3314,F,39,S,5.57
3315,F,72,M,5.57
3316,M,64,S,5.57
3317,M,61,M,5.57
3318,M,46,M,5.58
3319,F,65,M,5.62
3320,F,82,M,5.65
3321,M,66,S,5.65
3322,F,56,S,5.68
3323,M,66,S,5.7
3324,M,80,S,5.71
3325,M,87,S,5.71
3326,F,66,S,5.72
3327,F,80,S,5.76
3328,F,21,S,5.77
3329,M,66,S,5.8
3330,M,70,M,5.82
3331,F,24,S,5.85
3332,M,63,S,5.85
3333,F,35,S,5.85
3334,M,71,S,5.87
3335,M,80,M,5.88
3336,M,59,S,5.93
3337,M,65,M,5.93
3338,F,56,M,5.97
3339,F,72,S,5.97
3340,F,62,S,5.99
3341,F,53,M,6.03
3342,M,23,M,6.04
3343,F,51,M,6.07
3344,F,27,S,6.17
3345,M,74,M,6.22
3346,M,29,S,6.22
3347,F,34,S,6.23
3348,M,56,M,6.3
3349,F,53,S,6.32
3350,F,59,M,6.33
3351,M,71,S,6.35
3352,F,23,S,6.36
3353,F,67,S,6.36
3354,F,71,M,6.38
3355,M,30,S,6.4
3356,M,47,M,6.41
3357,F,83,S,6.43
3358,F,36,M,6.46
3359,F,32,M,6.46
3360,M,48,S,6.46
3361,M,74,S,6.49
3362,M,58,M,6.49
3363,M,68,S,6.51
3364,M,66,M,6.53
3365,M,25,S,6.55
3366,F,54,M,6.59
3367,M,63,M,6.63
3368,M,58,M,6.64
3369,F,55,M,6.65
3370,M,54,M,6.68
3371,M,53,S,6.68
3372,M,44,M,6.74
3373,M,51,S,6.74
3374,F,37,S,6.74
3375,F,67,M,6.74
3376,M,25,S,6.75
3377,F,63,M,6.75
3378,F,35,M,6.75
3379,M,45,M,6.76
3380,M,63,S,6.76
3381,F,74,M,6.77
3382,F,66,M,6.84
3383,F,81,M,6.92
3384,M,67,S,6.92
3385,M,54,M,6.94
3386,F,50,M,6.94
3387,F,62,M,6.97
3388,F,58,M,6.97
3389,M,25,S,6.98
3390,M,74,M,6.98
3391,M,74,M,6.98
3392,M,63,S,6.99
3393,M,51,S,7
3394,M,56,S,7.01
3395,F,63,S,7.02
3396,M,77,S,7.03
3397,M,81,S,7.07
3398,M,62,M,7.1
3399,M,50,M,7.11
3400,F,23,S,7.12
3401,F,64,S,7.12
3402,M,63,M,7.15
3403,M,47,M,7.17
3404,M,56,S,7.18
3405,M,68,M,7.22
3406,M,74,M,7.22
3407,F,26,S,7.23
3408,M,50,M,7.26
3409,M,74,M,7.31
3410,M,25,M,7.32
3411,F,35,M,7.36
3412,F,27,S,7.39
3413,F,82,M,7.4
3414,F,80,S,7.41
3415,F,53,M,7.42
3416,F,56,M,7.45
3417,F,30,S,7.45
3418,F,36,S,7.46
3419,M,64,M,7.46
3420,M,56,M,7.5
3421,M,62,M,7.5
3422,F,60,M,7.52
3423,F,48,M,7.53
3424,M,77,S,7.53
3425,F,72,S,7.55
3426,M,80,M,7.56
3427,M,37,M,7.57
3428,M,53,M,7.58
3429,M,81,S,7.59
3430,M,62,M,7.62
3431,M,68,M,7.63
3432,M,56,M,7.68
3433,F,52,S,7.68
3434,M,25,S,7.7
3435,M,63,S,7.7
3436,M,53,S,7.7
3437,F,41,M,7.7
3438,M,57,S,7.73
3439,M,57,S,7.75
3440,M,56,S,7.75
3441,M,37,M,7.75
3442,F,37,S,7.77
3443,F,69,M,7.79
3444,M,74,S,7.81
3445,M,34,M,7.82
3446,F,28,M,7.83
3447,F,40,M,7.83
3448,F,80,S,7.87
3449,F,51,S,7.87
3450,F,47,M,7.88
3451,F,77,S,7.9
3452,F,56,S,7.92
3453,F,65,M,7.95
3454,M,63,M,7.99
3455,M,29,S,7.99
3456,F,82,S,8.03
3457,F,66,S,8.07
3458,F,62,M,8.1
3459,F,43,S,8.11
3460,F,29,S,8.12
3461,F,48,M,8.12
3462,F,66,S,8.13
3463,F,53,M,8.15
3464,M,66,M,8.16
3465,M,70,M,8.16
3466,M,56,S,8.17
3467,M,59,S,8.17
3468,F,74,S,8.18
3469,F,39,M,8.23
3470,F,57,S,8.25
3471,F,51,M,8.26
3472,M,57,S,8.26
3473,M,51,M,8.29
3474,F,63,M,8.3
3475,F,57,M,8.32
3476,M,60,M,8.33
3477,M,74,M,8.33
3478,F,79,S,8.35
3479,F,30,M,8.35
3480,F,35,M,8.36
3481,M,84,S,8.37
3482,M,79,M,8.39
3483,M,28,M,8.44
3484,F,57,M,8.44
3485,M,63,S,8.44
3486,M,29,M,8.45
3487,F,46,S,8.45
3488,M,80,M,8.46
3489,F,40,M,8.47
3490,M,80,M,8.51
3491,F,44,M,8.55
3492,F,66,M,8.55
3493,M,72,S,8.58
3494,F,46,S,8.61
3495,M,67,M,8.63
3496,F,74,M,8.64
3497,F,44,M,8.65
3498,M,63,S,8.68
3499,M,53,S,8.69
3500,F,72,S,8.73
3501,F,70,M,8.74
3502,M,60,S,8.75
3503,M,48,S,8.77
3504,M,52,M,8.78
3505,F,38,M,8.79
3506,M,52,M,8.8
3507,M,48,M,8.85
3508,F,52,M,8.86
3509,M,63,M,8.86
3510,M,63,M,8.87
3511,M,65,S,8.88
3512,M,46,M,8.88
3513,M,22,S,8.89
3514,F,84,S,8.89
3515,M,66,M,8.91
3516,M,56,S,8.91
3517,M,62,M,8.92
3518,F,46,M,8.92
3519,F,58,M,8.93
3520,F,57,M,8.95
3521,M,62,M,8.95
3522,M,59,S,8.97
3523,M,72,M,8.99
3524,M,36,M,8.99
3525,M,51,S,9
3526,F,34,S,9.02
3527,M,23,S,9.02
3528,M,76,M,9.02
3529,F,35,M,9.04
3530,M,53,M,9.04
3531,M,46,M,9.05
3532,F,40,S,9.1
3533,M,62,M,9.11
3534,F,50,S,9.12
3535,M,39,M,9.12
3536,M,46,M,9.12
3537,F,62,S,9.12
3538,F,55,S,9.13
3539,M,66,M,9.19
3540,M,42,M,9.22
3541,M,49,S,9.24
3542,F,65,M,9.26
3543,F,70,S,9.28
3544,M,62,S,9.29
3545,M,62,M,9.3
3546,M,45,S,9.32
3547,M,44,M,9.33
3548,M,42,S,9.34
3549,M,68,M,9.36
3550,M,62,M,9.37
3551,M,63,S,9.38
3552,M,57,M,9.4
3553,F,73,M,9.41
3554,M,56,S,9.41
3555,M,65,M,9.43
3556,F,58,M,9.46
3557,M,70,S,9.47
3558,F,33,M,9.48
3559,F,72,S,9.48
3560,M,44,M,9.5
3561,F,63,S,9.5
3562,F,66,M,9.51
3563,M,62,S,9.56
3564,M,62,M,9.56
3565,M,38,M,9.59
3566,M,57,M,9.61
3567,M,55,M,9.62
3568,M,66,S,9.65
3569,F,53,S,9.66
3570,M,55,S,9.66
3571,F,30,S,9.69
3572,F,61,S,9.73
3573,F,23,S,9.74
3574,F,49,M,9.75
3575,F,69,M,9.75
3576,M,46,M,9.8
3577,M,60,M,9.81
3578,F,60,M,9.82
3579,M,47,M,9.84
3580,M,44,M,9.84
3581,M,72,S,9.87
3582,M,70,M,9.87
3583,F,49,S,9.91
3584,M,59,M,9.93
3585,F,46,M,9.95
3586,F,61,M,9.97
3587,M,63,S,9.99
3588,F,49,S,10
3589,M,82,M,10
3590,M,37,S,10.01
3591,F,55,M,10.03
3592,F,70,M,10.03
3593,M,58,M,10.05
3594,F,49,S,10.06
3595,M,42,M,10.06
3596,F,31,S,0.34
3597,F,65,M,0.61
3598,F,38,M,0.99
3599,M,25,S,1
3600,F,44,S,1.02
3601,F,64,M,1.02
3602,F,41,M,1.11
3603,F,25,S,1.22
3604,M,36,M,1.24
3605,M,65,S,1.41
3606,M,42,S,1.44
3607,F,42,S,1.46
3608,F,46,M,1.47
3609,M,80,S,1.5
3610,M,55,S,1.51
3611,F,35,M,1.58
3612,M,46,S,1.63
3613,F,84,S,1.65
3614,M,61,S,1.67
3615,M,36,S,1.68
3616,M,45,S,1.69
3617,M,55,S,1.75
3618,M,45,S,1.75
3619,M,55,M,1.81
3620,F,69,S,1.81
3621,M,44,S,1.99
3622,M,61,S,1.99
3623,M,45,M,2.03
3624,M,35,M,2.04
3625,F,59,S,2.09
3626,F,71,M,2.17
3627,M,42,S,2.18
3628,M,25,S,2.18
3629,F,36,S,2.26
3630,M,61,M,2.28
3631,F,32,S,2.37
3632,M,36,S,2.39
3633,M,53,S,2.4
3634,M,25,S,2.45
3635,M,76,S,2.46
3636,M,83,S,2.48
3637,M,25,S,2.51
3638,M,59,S,2.54
3639,F,81,S,2.59
3640,M,55,M,2.61
3641,F,59,M,2.61
3642,F,70,M,2.62
3643,M,55,S,2.63
3644,M,55,S,2.64
3645,M,47,M,2.71
3646,F,68,S,2.71
3647,M,83,S,2.82
3648,F,57,M,2.85
3649,M,60,S,2.87
3650,F,21,M,2.88
3651,M,69,S,2.89
3652,M,38,S,2.94
3653,M,68,S,2.96
3654,F,69,S,2.98
3655,M,59,S,3.03
3656,M,76,M,3.03
3657,M,78,S,3.08
3658,F,55,S,3.11
3659,M,59,S,3.13
3660,M,59,M,3.15
3661,F,76,M,3.2
3662,F,21,M,3.23
3663,F,69,M,3.24
3664,M,62,S,3.32
3665,M,55,S,3.4
3666,M,68,M,3.51
3667,F,35,S,3.52
3668,F,64,S,3.53
3669,M,67,S,3.6
3670,M,64,S,3.61
3671,M,43,S,3.62
3672,F,33,S,3.65
3673,F,85,S,3.67
3674,F,52,S,3.7
3675,M,71,S,3.71
3676,F,59,M,3.72
3677,M,71,S,3.72
3678,F,50,S,3.72
3679,F,25,S,3.73
3680,M,54,S,3.75
3681,M,55,M,3.78
3682,F,55,M,3.8
3683,F,42,S,3.86
3684,M,48,S,3.87
3685,M,78,S,3.89
3686,M,44,S,3.97
3687,M,55,M,4.01
3688,M,48,S,4.03
3689,M,64,S,4.05
3690,M,51,S,4.07
3691,F,77,M,4.08
3692,F,67,S,4.08
3693,F,56,M,4.1
3694,F,79,S,4.12
3695,M,65,M,4.12
3696,M,44,S,4.14
3697,F,38,M,4.15
3698,F,84,S,4.15
3699,F,79,M,4.17
3700,M,67,M,4.2
3701,M,83,S,4.2
3702,F,48,M,4.21
3703,M,29,S,4.26
3704,M,60,S,4.3
3705,M,51,M,4.31
3706,M,34,M,4.34
3707,M,58,M,4.36
3708,F,63,S,4.39
3709,F,83,S,4.4
3710,M,51,M,4.4
3711,M,66,M,4.41
3712,F,76,S,4.42
3713,F,54,S,4.42
3714,F,46,M,4.44
3715,M,42,M,4.49
3716,M,68,S,4.5
3717,M,65,S,4.51
3718,F,58,S,4.54
3719,M,68,S,4.57
3720,M,63,M,4.62
3721,M,65,M,4.68
3722,F,62,S,4.75
3723,M,53,S,4.8
3724,F,48,S,4.85
3725,M,31,M,4.86
3726,F,20,S,4.91
3727,M,62,S,4.94
3728,M,32,M,4.95
3729,M,31,S,4.96
3730,M,23,S,4.98
3731,M,82,M,5
3732,F,81,M,5
3733,M,54,S,5.07
3734,F,51,S,5.09
3735,F,67,M,5.18
3736,M,60,M,5.19
3737,M,54,S,5.21
3738,M,53,S,5.23
3739,M,51,M,5.24
3740,M,74,M,5.25
3741,M,54,S,5.27
3742,F,62,M,5.29
3743,F,51,S,5.29
3744,M,57,S,5.29
3745,M,57,S,5.31
3746,F,52,M,5.32
3747,M,66,M,5.32
3748,F,53,M,5.32
3749,F,60,S,5.36
3750,M,51,M,5.39
3751,M,30,M,5.46
3752,F,65,S,5.48
3753,M,54,M,5.49
3754,F,42,M,5.52
3755,F,55,S,5.52
3756,F,58,M,5.54
3757,F,39,S,5.57
3758,F,72,M,5.57
3759,M,64,S,5.57
3760,F,57,M,5.57
3761,M,46,M,5.58
3762,M,38,S,5.61
3763,F,65,M,5.62
3764,M,80,S,5.71
3765,M,66,S,5.72
3766,F,80,S,5.76
3767,F,21,S,5.77
3768,M,30,M,5.78
3769,F,65,S,5.78
3770,F,35,S,5.8
3771,M,80,M,5.8
3772,M,66,S,5.8
3773,M,85,S,5.81
3774,M,85,M,5.84
3775,M,56,M,5.84
3776,F,24,S,5.85
3777,M,57,S,5.85
3778,F,35,S,5.85
3779,F,63,S,5.86
3780,M,71,S,5.87
3781,M,74,M,5.87
3782,M,54,S,5.88
3783,M,51,M,5.89
3784,M,57,M,5.92
3785,M,65,M,5.93
3786,M,85,M,5.93
3787,F,56,M,5.97
3788,F,72,S,5.97
3789,M,56,M,5.99
3790,F,62,S,5.99
3791,F,62,S,6.01
3792,M,65,M,6.01
3793,F,53,M,6.03
3794,M,78,S,6.07
3795,F,51,M,6.07
3796,M,66,M,6.07
3797,M,66,S,6.1
3798,F,65,S,6.14
3799,M,84,M,6.17
3800,F,27,S,6.17
3801,M,53,S,6.18
3802,F,66,M,6.21
3803,M,71,M,6.22
3804,F,55,M,6.27
3805,M,74,S,6.29
3806,F,59,M,6.33
3807,M,68,M,6.33
3808,M,68,S,6.33
3809,M,71,S,6.35
3810,M,58,S,6.35
3811,F,23,S,6.36
3812,F,67,S,6.36
3813,F,71,M,6.38
3814,M,30,S,6.4
3815,M,66,M,6.4
3816,M,62,M,6.42
3817,M,38,M,6.42
3818,M,25,S,6.45
3819,F,49,S,6.45
3820,M,64,M,6.46
3821,F,32,M,6.46
3822,M,48,S,6.46
3823,M,58,M,6.49
3824,F,71,S,6.5
3825,F,85,S,6.51
3826,F,65,S,6.52
3827,F,59,S,6.6
3828,M,58,M,6.64
3829,M,63,S,6.65
3830,M,58,S,6.65
3831,M,50,S,6.66
3832,M,53,S,6.68
3833,M,62,S,6.72
3834,F,48,S,6.73
3835,F,37,S,6.74
3836,F,33,S,6.75
3837,F,29,S,6.76
3838,M,63,S,6.76
3839,M,67,S,6.92
3840,F,65,S,6.93
3841,M,54,M,6.94
3842,F,59,M,6.95
3843,F,87,S,6.96
3844,F,25,S,6.97
3845,M,59,M,6.97
3846,F,62,M,6.97
3847,F,47,S,7.02
3848,M,56,M,7.06
3849,M,81,S,7.07
3850,M,65,M,7.09
3851,M,42,S,7.1
3852,F,56,S,7.12
3853,M,63,M,7.15
3854,M,47,M,7.17
3855,M,56,S,7.18
3856,M,74,M,7.22
3857,F,53,M,7.23
3858,M,66,S,7.23
3859,F,26,S,7.23
3860,M,56,M,7.29
3861,M,80,M,7.31
3862,M,23,M,7.31
3863,M,59,S,7.35
3864,M,64,M,7.46
3865,M,69,S,7.47
3866,M,50,M,7.49
3867,M,62,M,7.5
3868,M,77,S,7.53
3869,F,72,S,7.55
3870,F,77,S,7.55
3871,F,70,M,7.56
3872,M,56,S,7.57
3873,M,37,M,7.57
3874,M,25,S,7.58
3875,M,53,M,7.58
3876,M,75,S,7.6
3877,M,72,M,7.62
3878,M,62,S,7.62
3879,M,58,M,7.62
3880,M,62,M,7.62
3881,F,53,M,7.66
3882,M,63,S,7.7
3883,M,53,M,7.7
3884,F,41,M,7.7
3885,M,61,M,7.73
3886,M,56,M,7.75
3887,M,37,M,7.75
3888,M,58,S,7.76
3889,F,75,M,7.76
3890,M,56,M,7.76
3891,M,37,M,7.76
3892,M,48,M,7.77
3893,F,37,S,7.77
3894,F,69,M,7.79
3895,M,74,S,7.81
3896,M,34,M,7.82
3897,F,28,M,7.83
3898,F,40,M,7.83
3899,F,61,S,7.84
3900,F,47,M,7.88
3901,F,56,S,7.92
3902,M,63,M,7.99
3903,M,52,S,7.99
3904,M,33,S,8.01
3905,F,82,S,8.03
3906,M,77,S,8.03
3907,M,56,M,8.05
3908,M,29,S,8.06
3909,M,48,S,8.06
3910,F,66,S,8.07
3911,F,62,M,8.07
3912,F,72,S,8.09
3913,M,82,S,8.1
3914,M,65,M,8.11
3915,F,43,S,8.11
3916,F,78,M,8.12
3917,F,53,M,8.15
3918,M,70,M,8.16
3919,M,66,M,8.16
3920,M,56,S,8.17
3921,F,39,M,8.23
3922,M,62,M,8.31
3923,F,35,S,8.33
3924,F,69,M,8.33
3925,M,74,M,8.33
3926,F,57,M,8.34
3927,F,68,S,8.34
3928,F,79,S,8.35
3929,M,44,S,8.36
3930,F,35,M,8.36
3931,M,84,S,8.37
3932,F,62,M,8.39
3933,M,25,M,8.41
3934,F,84,S,8.43
3935,M,28,M,8.44
3936,M,63,S,8.44
3937,F,46,S,8.45
3938,M,48,M,8.46
3939,F,35,S,8.46
3940,F,34,M,8.47
3941,F,74,M,8.47
3942,F,83,S,8.5
3943,F,59,M,8.52
3944,M,61,M,8.54
3945,F,66,M,8.55
3946,M,52,M,8.56
3947,F,34,M,8.59
3948,M,60,M,8.59
3949,F,56,S,8.6
3950,F,36,S,8.61
3951,F,44,M,8.65
3952,M,68,S,8.65
3953,M,22,S,8.66
3954,M,67,S,8.68
3955,M,31,S,8.7
3956,F,65,M,8.7
3957,M,83,M,8.71
3958,F,48,M,8.73
3959,F,77,S,8.73
3960,M,57,M,8.73
3961,F,44,S,8.74
3962,M,60,S,8.75
3963,F,66,M,8.79
3964,M,66,M,8.79
3965,F,38,M,8.79
3966,M,52,M,8.8
3967,M,36,M,8.8
3968,M,38,M,8.83
3969,F,40,M,8.84
3970,F,59,M,8.85
3971,F,52,M,8.86
3972,F,63,M,8.86
3973,M,22,S,8.87
3974,M,63,M,8.87
3975,M,50,S,8.88
3976,M,78,M,8.88
3977,M,22,S,8.89
3978,F,84,S,8.89
3979,M,39,S,8.9
3980,M,44,M,8.91
3981,M,22,S,8.92
3982,M,62,M,8.92
3983,F,53,M,8.92
3984,M,40,M,8.93
3985,F,65,S,8.94
3986,M,22,S,8.95
3987,M,62,M,8.95
3988,M,46,M,8.96
3989,F,50,M,8.97
3990,M,59,S,8.97
3991,M,72,M,8.99
3992,F,76,S,9
3993,M,51,S,9
3994,F,34,S,9.02
3995,M,76,M,9.02
3996,F,35,M,9.04
3997,F,55,M,9.06
3998,M,47,M,9.08
3999,F,40,S,9.1
4000,M,62,M,9.11
4001,M,22,S,9.12
4002,F,50,S,9.12
4003,M,46,M,9.12
4004,F,72,M,9.15
4005,M,50,M,9.16
4006,F,51,S,9.18
4007,M,66,M,9.19
4008,M,60,S,9.2
4009,F,59,M,9.2
4010,M,56,S,9.2
4011,F,57,S,9.21
4012,M,33,M,9.25
4013,F,57,M,9.25
4014,F,65,M,9.26
4015,M,46,S,9.26
4016,F,60,S,9.26
4017,M,58,S,9.28
4018,M,46,M,9.28
4019,M,50,S,9.29
4020,M,62,S,9.29
4021,F,76,S,9.3
4022,M,62,M,9.3
4023,M,62,M,9.3
4024,M,22,S,9.32
4025,M,40,S,9.33
4026,M,42,S,9.34
4027,F,56,M,9.35
4028,M,50,M,9.35
4029,M,44,S,9.37
4030,M,44,S,9.37
4031,M,63,S,9.38
4032,M,46,M,9.4
4033,F,73,M,9.41
4034,M,56,S,9.41
4035,F,80,S,9.41
4036,M,65,M,9.43
4037,F,56,M,9.47
4038,F,33,M,9.48
4039,F,72,S,9.48
4040,M,54,M,9.5
4041,F,57,M,9.51
4042,F,26,S,9.53
4043,M,84,M,9.54
4044,M,62,S,9.56
4045,M,62,M,9.56
4046,M,62,M,9.56
4047,M,62,M,9.56
4048,F,38,M,9.6
4049,M,79,M,9.62
4050,M,55,M,9.62
4051,M,62,S,9.62
4052,M,44,M,9.62
4053,M,22,S,9.64
4054,F,47,M,9.64
4055,F,53,S,9.66
4056,M,44,M,9.67
4057,F,74,S,9.68
4058,F,30,S,9.69
4059,M,43,S,9.74
4060,M,60,S,9.74
4061,F,54,M,9.79
4062,M,46,M,9.8
4063,M,46,M,9.8
4064,M,60,M,9.81
4065,F,60,M,9.82
4066,F,42,M,9.83
4067,M,36,M,9.84
4068,M,34,S,9.86
4069,M,44,M,9.87
4070,M,44,S,9.87
4071,F,49,S,9.91
4072,M,53,M,9.94
4073,M,82,M,10
4074,F,55,M,10.03
4075,F,63,M,10.04
4076,M,58,M,10.05
4077,M,42,M,10.06
4078,M,52,M,31.17
4079,F,26,S,28.76
4080,F,26,S,28.76
4081,F,48,M,28.36
4082,F,48,M,28.36
4083,F,51,M,28.03
4084,F,62,M,27.07
4085,M,47,M,26.81
4086,F,47,M,26.11
4087,F,47,M,26.11
4088,F,56,S,26.02
4089,M,56,M,25.89
4090,M,56,M,25.89
4091,F,71,M,25.65
4092,F,51,S,24.86
4093,F,51,S,24.86
4094,M,28,M,24.52
4095,M,28,M,24.44
4096,M,28,M,24.44
4097,M,48,M,24.44
4098,M,48,M,24.44
4099,F,50,M,24.3
4100,F,50,M,24.3
4101,M,52,M,24.11
4102,M,52,M,24.11
4103,F,32,S,24.06
4104,F,32,S,24.06
4105,M,32,M,24.03
4106,M,32,M,24.03
4107,F,50,M,23.98
4108,F,50,M,23.92
4109,F,72,M,23.72
4110,M,57,M,23.59
4111,M,57,M,23.59
4112,M,28,M,23.56
4113,M,28,M,23.56
4114,M,62,M,23.38
4115,F,49,M,23.35
4116,M,47,M,23.25
4117,M,45,M,23.15
4118,M,59,M,23.01
4119,F,41,M,22.98
4120,F,41,S,22.93
4121,F,48,S,22.9
4122,M,48,M,22.9
4123,M,48,M,22.9
4124,M,50,M,22.24
4125,F,61,M,22.21
4126,M,67,M,22.19
4127,M,27,M,22.18
4128,M,59,M,21.97
4129,M,59,M,21.97
4130,F,60,M,21.9
4131,M,54,M,21.74
4132,M,54,M,21.74
4133,F,53,M,21.6
4134,F,75,M,21.6
4135,M,46,S,21.13
4136,M,66,S,20.8
4137,M,66,S,20.8
4138,M,31,S,20.61
4139,M,31,S,20.61
4140,M,50,M,20.57
4141,M,50,M,20.57
4142,F,31,M,20.45
4143,F,60,M,20.4
4144,F,60,M,20.4
4145,M,59,S,20.13
4146,M,59,S,20.13
4147,M,54,M,19.87
4148,M,66,S,19.8
4149,M,35,S,19.67
4150,F,44,M,19.67
4151,F,57,S,19.65
4152,F,57,S,19.65
4153,F,42,M,19.64
4154,F,42,M,19.64
4155,M,35,M,19.61
4156,M,35,M,19.61
4157,F,42,M,19.59
4158,M,24,M,19.55
4159,M,24,M,19.55
4160,F,36,M,19.55
4161,F,42,M,19.5
4162,M,84,M,19.49
4163,M,84,M,19.49
4164,F,26,S,19.48
4165,F,55,M,19.36
4166,M,26,M,19.35
4167,M,26,M,19.35
4168,M,67,S,19.35
4169,M,67,S,19.35
4170,M,50,M,19.28
4171,F,45,S,19.26
4172,F,27,S,19.24
4173,F,27,S,19.24
4174,M,25,M,19.24
4175,F,44,M,19.24
4176,M,47,M,19.23
4177,F,59,S,19.22
4178,M,45,M,19.17
4179,F,47,M,19.1
4180,F,47,M,19.1
4181,F,30,S,18.98
4182,M,52,M,18.88
4183,M,52,M,18.88
4184,M,64,M,18.79
4185,M,64,M,18.79
4186,F,61,S,18.79
4187,F,61,S,18.79
4188,F,43,S,18.73
4189,F,43,S,18.73
4190,F,55,M,18.7
4191,F,55,M,18.7
4192,F,63,M,18.7
4193,M,63,M,18.69
4194,M,63,M,18.69
4195,F,56,M,18.67
4196,F,52,S,18.63
4197,M,84,M,18.62
4198,M,60,M,18.61
4199,F,61,M,18.6
4200,M,21,S,18.58
4201,F,36,S,18.55
4202,M,59,S,18.55
4203,M,59,S,18.55
4204,F,21,S,18.54
4205,F,70,M,18.53
4206,F,70,M,18.53
4207,M,59,M,18.52
4208,F,45,S,18.52
4209,M,73,M,18.49
4210,F,47,M,18.47
4211,F,47,M,18.47
4212,M,41,M,18.41
4213,M,41,M,18.41
4214,F,74,S,18.41
4215,F,74,S,18.41
4216,F,41,M,18.4
4217,F,71,S,18.39
4218,F,39,M,18.38
4219,M,73,M,18.33
4220,F,24,S,18.28
4221,M,35,M,18.27
4222,M,52,M,18.25
4223,M,54,M,18.25
4224,F,29,S,18.23
4225,M,81,M,18.19
4226,M,41,M,18.18
4227,M,65,M,18.13
4228,M,41,M,18.12
4229,M,84,M,18.11
4230,M,84,M,18.11
4231,M,51,M,18.1
4232,M,51,M,18.1
4233,F,50,M,18.09
4234,F,50,M,18.09
4235,F,31,S,18.08
4236,F,67,M,18.07
4237,F,67,M,18.07
4238,F,20,S,18.06
4239,M,41,S,18.01
4240,F,25,S,17.99
4241,M,50,M,17.98
4242,M,50,M,17.98
4243,M,64,M,17.88
4244,F,61,M,17.86
4245,F,61,M,17.86
4246,F,61,M,17.85
4247,F,61,M,17.85
4248,F,58,S,17.83
4249,F,58,S,17.83
4250,F,41,S,17.83
4251,F,30,S,17.81
4252,F,61,M,17.8
4253,F,56,M,17.79
4254,F,37,S,17.76
4255,M,50,M,17.76
4256,F,65,M,17.72
4257,F,65,S,17.7
4258,M,45,M,17.69
4259,F,35,M,17.67
4260,F,27,S,17.67
4261,M,30,M,17.63
4262,M,60,M,17.6
4263,M,60,M,17.6
4264,M,47,M,17.6
4265,M,27,M,17.6
4266,M,27,M,17.6
4267,F,54,M,17.59
4268,F,27,M,17.59
4269,F,52,M,17.57
4270,M,60,S,17.56
4271,M,22,S,17.53
4272,F,64,S,17.53
4273,F,43,M,17.51
4274,F,45,M,17.5
4275,F,45,M,17.5
4276,F,46,M,17.49
4277,F,45,M,17.47
4278,F,75,S,17.46
4279,F,46,M,17.46
4280,F,46,M,17.46
4281,F,40,M,17.46
4282,F,40,M,17.46
4283,F,55,M,17.44
4284,F,29,S,17.44
4285,M,74,M,17.43
4286,M,64,S,17.43
4287,M,64,S,17.43
4288,M,41,M,17.42
4289,M,67,M,17.42
4290,M,67,M,17.42
4291,F,60,M,17.42
4292,F,60,M,17.42
4293,F,67,M,17.36
4294,M,60,M,17.33
4295,M,38,M,17.33
4296,F,62,M,17.28
4297,M,46,M,17.2
4298,M,46,M,17.2
4299,F,42,S,17.15
4300,F,69,M,17.13
4301,M,52,M,17.1
4302,M,60,S,17.1
4303,M,52,M,17.06
4304,M,52,M,17.06
4305,F,68,M,17.03
4306,F,68,M,17.03
4307,M,54,M,17.01
4308,F,54,S,16.99
4309,F,68,M,16.98
4310,F,36,S,16.97
4311,F,36,S,16.97
4312,F,28,S,16.95
4313,F,29,M,16.93
4314,M,78,M,16.92
4315,M,52,M,16.92
4316,M,52,M,16.92
4317,M,55,M,16.91
4318,F,52,M,16.88
4319,F,51,M,16.87
4320,F,51,M,16.87
4321,F,39,M,16.85
4322,M,24,M,16.83
4323,F,34,M,16.82
4324,F,46,M,16.82
4325,F,46,M,16.82
4326,M,63,M,16.81
4327,M,53,M,16.81
4328,F,56,S,16.8
4329,F,56,S,16.8
4330,M,63,M,16.78
4331,M,69,M,16.76
4332,M,69,M,16.76
4333,M,35,S,16.75
4334,M,35,S,16.75
4335,F,41,M,16.71
4336,F,41,M,16.71
4337,M,54,S,16.69
4338,F,67,S,16.69
4339,M,30,M,16.69
4340,M,30,M,16.69
4341,M,59,M,16.68
4342,M,24,M,16.67
4343,M,24,M,16.67
4344,F,53,M,16.67
4345,M,45,M,16.65
4346,F,25,S,16.64
4347,F,25,S,16.64
4348,F,87,S,16.61
4349,M,25,S,16.61
4350,M,25,S,16.61
4351,M,46,S,16.56
4352,M,39,M,16.55
4353,M,39,M,16.55
4354,M,52,M,16.54
4355,M,52,M,16.54
4356,M,48,M,16.53
4357,M,46,M,16.52
4358,M,63,M,16.51
4359,M,66,S,16.49
4360,M,61,S,16.46
4361,F,57,M,16.46
4362,F,57,M,16.46
4363,F,57,M,16.44
4364,F,57,M,16.44
4365,F,49,M,16.39
4366,F,65,S,16.39
4367,F,65,S,16.39
4368,F,47,M,16.35
4369,F,32,S,16.34
4370,F,32,S,16.34
4371,M,70,M,16.32
4372,M,37,S,16.29
4373,M,69,M,16.29
4374,M,55,M,16.28
4375,M,55,M,16.28
4376,F,65,M,16.28
4377,F,68,S,16.26
4378,F,68,S,16.26
4379,M,73,S,16.26
4380,M,30,M,16.24
4381,M,41,M,16.21
4382,F,67,M,16.21
4383,M,19,S,16.16
4384,M,19,S,16.16
4385,M,52,S,16.13
4386,F,63,M,16.12
4387,F,63,M,16.12
4388,F,70,M,16.11
4389,M,59,M,16.09
4390,M,59,M,16.09
4391,M,59,M,16.09
4392,F,22,S,16.06
4393,M,57,M,16.06
4394,F,55,S,16.05
4395,F,55,S,16.05
4396,F,52,M,16.05
4397,F,52,M,16.05
4398,M,57,S,16.05
4399,M,43,M,16.01
4400,M,57,M,16
4401,F,52,M,15.94
4402,M,56,M,15.94
4403,M,56,M,15.94
4404,M,61,M,15.93
4405,M,61,M,15.93
4406,M,67,M,15.92
4407,F,45,M,15.92
4408,F,45,M,15.92
4409,F,63,M,15.91
4410,M,57,M,15.91
4411,F,30,S,15.9
4412,M,55,S,15.83
4413,M,55,S,15.83
4414,F,31,S,15.78
4415,F,52,S,15.76
4416,F,48,S,15.76
4417,M,46,S,15.75
4418,F,51,M,15.69
4419,M,75,M,15.69
4420,F,54,M,15.63
4421,M,55,S,15.59
4422,M,55,S,15.59
4423,F,63,M,15.57
4424,M,22,M,15.56
4425,M,22,M,15.56
4426,M,48,M,15.53
4427,F,54,M,15.52
4428,F,54,M,15.52
4429,M,59,S,15.46
4430,M,59,S,15.46
4431,F,22,S,15.38
4432,F,61,M,15.38
4433,M,48,S,15.36
4434,M,39,M,15.36
4435,M,39,M,15.36
4436,F,75,M,15.33
4437,F,59,M,15.33
4438,F,53,M,15.3
4439,F,58,M,15.29
4440,M,48,S,15.29
4441,F,49,S,15.27
4442,F,50,M,15.23
4443,M,50,M,15.2
4444,M,30,M,15.2
4445,F,39,M,15.19
4446,F,54,S,15.17
4447,F,54,S,15.17
4448,M,50,S,15.16
4449,M,54,S,15.14
4450,F,55,S,15.13
4451,F,55,S,15.13
4452,F,35,M,15.12
4453,F,58,M,15.1
4454,F,58,M,15.1
4455,F,47,S,15.08
4456,F,40,M,15.08
4457,F,63,M,15.07
4458,F,58,M,15.06
4459,M,59,S,15.02
4460,F,56,M,15
4461,F,56,M,15
4462,M,72,M,14.99
4463,M,39,M,14.99
4464,M,67,S,14.98
4465,M,63,M,14.92
4466,F,72,M,14.85
4467,M,37,S,14.8
4468,M,55,S,14.77
4469,F,63,S,14.74
4470,M,48,S,14.71
4471,M,58,M,14.7
4472,M,68,M,14.67
4473,M,68,M,14.67
4474,F,71,S,14.66
4475,F,71,S,14.66
4476,M,37,S,14.65
4477,F,73,M,14.62
4478,F,65,M,14.59
4479,F,65,M,14.59
4480,F,48,M,14.59
4481,M,57,M,14.58
4482,M,44,S,14.56
4483,M,66,S,14.54
4484,M,28,M,14.54
4485,F,39,M,14.52
4486,F,76,M,14.5
4487,M,45,M,14.5
4488,M,54,S,14.47
4489,M,76,M,14.46
4490,M,72,S,14.46
4491,M,72,S,14.46
4492,F,53,S,14.43
4493,F,28,S,14.41
4494,F,67,M,14.41
4495,M,63,S,14.4
4496,M,28,M,14.4
4497,F,44,S,14.38
4498,M,58,M,14.36
4499,F,87,M,14.32
4500,F,39,M,14.3
4501,M,69,S,14.3
4502,F,49,M,14.28
4503,F,49,M,14.28
4504,F,81,M,14.22
4505,M,48,S,14.2
4506,M,84,S,14.2
4507,M,84,S,14.2
4508,M,46,S,14.17
4509,M,54,S,14.15
4510,M,44,S,14.13
4511,M,44,S,14.13
4512,M,56,M,14.13
4513,F,19,S,14.09
4514,F,63,M,14.07
4515,M,28,S,14.04
4516,F,66,S,14.02
4517,F,28,S,14.01
4518,F,51,S,13.97
4519,F,51,S,13.97
4520,M,71,S,13.96
4521,M,71,S,13.96
4522,F,55,S,13.96
4523,M,25,M,13.95
4524,F,56,S,13.95
4525,M,56,M,13.93
4526,F,55,M,13.9
4527,F,45,M,13.85
4528,F,35,M,13.84
4529,M,60,S,13.82
4530,M,60,S,13.82
4531,M,60,S,13.82
4532,F,37,S,13.81
4533,F,71,S,13.8
4534,F,79,S,13.8
4535,F,79,S,13.8
4536,F,64,S,13.79
4537,M,28,M,13.78
4538,F,50,M,13.77
4539,F,48,M,13.74
4540,F,48,M,13.74
4541,F,63,S,13.73
4542,F,30,M,13.72
4543,F,72,S,13.72
4544,F,56,M,13.67
4545,F,33,M,13.66
4546,M,65,S,13.65
4547,F,66,S,13.64
4548,F,66,S,13.64
4549,M,19,M,13.64
4550,M,19,M,13.64
4551,M,42,S,13.64
4552,M,74,M,13.6
4553,F,42,M,13.56
4554,M,58,M,13.54
4555,M,56,M,13.54
4556,M,56,M,13.54
4557,F,58,S,13.51
4558,M,74,M,13.51
4559,M,74,M,13.51
4560,M,60,S,13.49
4561,M,60,S,13.49
4562,M,72,M,13.49
4563,F,44,M,13.48
4564,M,71,S,13.47
4565,M,64,S,13.45
4566,F,45,S,13.44
4567,F,56,M,13.43
4568,F,56,M,13.43
4569,M,69,M,13.42
4570,F,64,S,13.41
4571,F,57,M,13.41
4572,M,28,S,13.35
4573,M,28,S,13.35
4574,M,69,M,13.34
4575,M,34,S,13.33
4576,M,66,S,13.29
4577,M,75,S,13.28
4578,M,58,S,13.28
4579,M,58,S,13.28
4580,F,53,S,13.28
4581,F,28,M,13.28
4582,F,86,S,13.27
4583,F,48,S,13.24
4584,F,48,S,13.24
4585,M,79,M,13.2
4586,M,79,M,13.2
4587,F,52,M,13.18
4588,F,24,M,13.18
4589,F,24,M,13.18
4590,M,65,S,13.17
4591,F,55,M,13.17
4592,F,54,M,13.17
4593,M,72,M,13.17
4594,M,72,M,13.17
4595,M,40,S,13.15
4596,M,69,S,13.15
4597,M,69,S,13.15
4598,M,74,M,13.15
4599,F,84,S,13.14
4600,M,44,S,13.14
4601,M,44,S,13.14
4602,M,53,S,13.13
4603,F,59,M,13.12
4604,F,59,M,13.12
4605,M,64,S,13.11
4606,F,44,M,13.08
4607,F,44,M,13.08
4608,M,56,M,13.07
4609,M,50,S,13.07
4610,F,59,M,13.07
4611,F,59,M,13.07
4612,F,46,S,13.06
4613,F,46,S,13.06
4614,F,48,M,13.05
4615,M,40,S,13.03
4616,M,60,S,13.03
4617,M,25,M,13.01
4618,F,55,S,12.99
4619,M,69,M,12.99
4620,M,69,M,12.96
4621,F,74,S,12.96
4622,M,53,M,12.94
4623,M,53,M,12.94
4624,M,54,M,12.94
4625,M,54,M,12.94
4626,M,40,M,12.92
4627,F,55,S,12.92
4628,F,55,S,12.92
4629,M,30,S,12.88
4630,F,25,S,12.87
4631,F,25,S,12.87
4632,F,62,M,12.87
4633,M,60,S,12.86
4634,F,49,M,12.82
4635,F,55,S,12.8
4636,F,31,S,12.79
4637,M,65,S,12.75
4638,M,65,S,12.75
4639,M,34,S,12.74
4640,M,72,M,12.74
4641,M,63,S,12.74
4642,M,63,S,12.74
4643,M,64,S,12.73
4644,M,65,S,12.71
4645,F,49,M,12.71
4646,F,69,M,12.7
4647,M,40,S,12.69
4648,M,40,S,12.69
4649,F,31,M,12.69
4650,F,75,M,12.68
4651,F,29,S,12.67
4652,F,60,M,12.67
4653,F,60,M,12.67
4654,M,56,S,12.67
4655,M,56,S,12.67
4656,F,49,M,12.63
4657,M,34,M,12.62
4658,F,73,M,12.62
4659,M,66,M,12.62
4660,F,69,M,12.59
4661,F,69,M,12.59
4662,M,34,S,12.58
4663,F,48,M,12.57
4664,M,58,S,12.55
4665,M,58,S,12.55
4666,M,38,M,12.55
4667,M,38,M,12.55
4668,M,34,S,12.54
4669,F,47,M,12.53
4670,F,72,M,12.52
4671,F,72,M,12.52
4672,M,34,S,12.49
4673,F,38,S,12.49
4674,F,66,M,12.46
4675,M,66,S,12.46
4676,F,73,M,12.46
4677,F,54,M,12.45
4678,F,74,M,12.43
4679,M,72,S,12.43
4680,M,55,M,12.42
4681,M,55,M,12.42
4682,M,75,S,12.41
4683,F,66,M,12.4
4684,M,86,S,12.4
