Country Code,Country Name,Long Name,Table Name,BAR_SCHL_1519,BAR_SCHL_1519_FE,BAR_SCHL_15UP,BAR_SCHL_15UP_FE,BAR_SCHL_2024,BAR_SCHL_2024_FE,BAR_SCHL_2529,BAR_SCHL_2529_FE,BAR_SCHL_25UP,BAR_SCHL_25UP_FE,BAR_SCHL_3034,BAR_SCHL_3034_FE,BAR_SCHL_3539,BAR_SCHL_3539_FE,BAR_SCHL_4044,BAR_SCHL_4044_FE,BAR_SCHL_4549,BAR_SCHL_4549_FE,BAR_SCHL_5054,BAR_SCHL_5054_FE,BAR_SCHL_5559,BAR_SCHL_5559_FE,BAR_SCHL_6064,BAR_SCHL_6064_FE,BAR_SCHL_6569,BAR_SCHL_6569_FE,BAR_SCHL_7074,BAR_SCHL_7074_FE,BAR_SCHL_75UP,BAR_SCHL_75UP_FE,EG_ELC_ACCS_ZS,EN_POP_SLUM_UR_ZS,FB_ATM_TOTL_P5,IC_ELC_TIME,IC_FRM_ISOC_ZS,IC_TAX_TOTL_CP_ZS,IQ_WEF_PORT_XQ,IT_NET_USER_P2,SE_ADT_1524_LT_FE_ZS,SE_ADT_1524_LT_FM_ZS,SE_ADT_1524_LT_MA_ZS,SE_ADT_1524_LT_ZS,SE_ADT_LITR_FE_ZS,SE_ADT_LITR_MA_ZS,SE_ADT_LITR_ZS,SE_XPD_TOTL_GD_ZS,SG_VAW_BURN_ZS,SH_DYN_AIDS_ZS,SH_DYN_MORT,SH_MED_PHYS_ZS,SH_TBS_PREV,SH_XPD_PCAP,SL_EMP_TOTL_SP_ZS,SL_TLF_SECO_ZS,SL_TLF_TOTL_IN,SN_ITK_DEFC_ZS,SP_POP_DPND,TM_TAX_MANF_SM_FN_ZS,UIS_EA_1_AG25T99,UIS_EA_1T6_AG25T99,UIS_EA_2_AG25T99,UIS_EA_2T6_AG25T99,UIS_EA_3_AG25T99,UIS_EA_3T6_AG25T99,UIS_EA_4_AG25T99,UIS_EA_4T6_AG25T99,UIS_EA_5_AG25T99,UIS_EA_5T8_AG25T99,UIS_EA_6_AG25T99,UIS_EA_6T8_AG25T99,UIS_EA_7_AG25T99,UIS_EA_7T8_AG25T99,UIS_EA_8_AG25T99,UIS_PTRHC_2,UIS_PTRHC_3,UIS_PTRHC_56
ABW,Aruba,Aruba,Aruba,,,,,,,,,,,,,,,,,,,,,,,,,,,,,,,90.87544,,117.9175054,,,,,83.78,99.36831,0.99913,99.45438,99.41221,97.51396,97.53577,97.52416,6.03687,,,,1.12,14,,,3.700000048,,,44.07025167,10.55,,,,,,,,,,,,,,,,,,9.89057
ADO,Andorra,Principality of Andorra,Andorra,,,,,,,,,,,,,,,,,,,,,,,,,,,,,,,100,,,,,,,95.9,,,,,,,,2.46258,,,2.8,4,12,3746.334157,,,,,,,42.5785,91.97962,,49.40112,19.25851,,12.34821,30.14261,,17.79439,17.79439,,,,,7.25659,13.98529,4.88235
AFG,Afghanistan,Islamic State of Afghanistan,Afghanistan,4.81,4.13,3.85,1.97,4.58,2.33,5.24,2.16,3.23,1.16,3.7,1.81,3.11,1.37,3.37,1.31,2.64,0.94,2.28,0.75,1.72,0.37,1.72,0.37,0.57,0.1,0.61,0.1,0.39,0.04,43,62.7,0.802081543,114,22.1,36.3,,6.39,46.32735,0.66571,69.59093,58.20866,24.15337,51.99192,38.15612,4.6191,,0.1,91.1,0.266,340,56.57452735,43.40000153,,8334374,26.8,89.77377698,5.85,,,,,,,,,,,,,,,,45.04142,30.74908,31.89532
AGO,Angola,People's Republic of Angola,Angola,,,,,,,,,,,,,,,,,,,,,,,,,,,,,,,37,55.5,22.96756765,145,21.6,48.4,2.7,21.26,67.28256,0.85571,78.62739,72.9298,60.69201,81.97994,71.14099,3.47644,,2.4,156.9,0.166,490,179.3578537,65.30000305,,8844204,14.2,100.6376673,8.42,,,,,,,,,,,,,,,,33.27119,20.50581,18.16075
ALB,Albania,Republic of Albania,Albania,9.17,9.21,9.93,9.7,11.12,11.19,10.91,10.93,9.85,9.57,10.73,10.74,10.92,10.91,10.92,10.91,10.86,10.75,10.6,10.46,10.16,9.79,8.32,7.83,6.43,5.62,6.43,5.62,5.59,4.26,100,,35.02526367,177,18.8,36.5,4.151210169,60.1,99.08294,1.00103,98.98068,99.03096,96.88302,98.38066,97.62414,3.50083,4.4,,14,1.145,26,272.2042915,46.29999924,34.5,1292943,,44.91213578,3.46,8.29349,95.50839,41.93575,87.2149,32.37949,45.27915,0,12.89966,0,12.89966,0.56894,12.89966,12.24111,12.33073,0.08962,12.3303,17.65478,23.59427
ARE,United Arab Emirates,United Arab Emirates,United Arab Emirates,10.02,9.83,9.07,9.97,9.53,10.32,9.3,10.39,8.88,9.93,8.92,10.66,8.88,10.53,8.88,9.96,8.88,9.95,8.84,8.55,8.83,8.53,8.32,5.92,8.31,5.92,4.29,2.5,3.24,1.95,97.69783,,60.89727684,32,,15.9,6.472991241,90.4,99.10131,0.99492,99.60736,99.42795,95.75619,93.1306,93.83585,1.10944,,,6.8,2.533,2.7,1610.79898,77.59999847,28.79999924,6302492,5,17.47165713,4.63,11.75153,74.43691,15.59026,62.68538,24.51559,47.09512,4.62696,22.57954,,17.95257,17.95257,,,,,14.14972,9.67677,17.46125
ARG,Argentina,Argentine Republic,Argentina,8.75,9.02,9.51,9.57,10.55,10.81,10.34,10.68,9.48,9.48,10.29,10.56,10.15,10.38,9.64,9.8,9.65,9.82,9.21,9.24,9.24,9.28,8.2,7.89,8.21,7.9,8.36,8.04,8.37,8.06,99.8,16.7,59.44995441,92,18.2,137.4,3.828925581,64.7,99.48268,1.00355,99.13115,99.30424,98.13044,98.03677,98.08516,5.3441,,0.5,12.5,3.859,30,605.1878448,55.90000153,40,19540451,5,56.6303447,15.31,33.52637,89.78789,14.19025,56.26151,28.41552,42.07126,,,,13.65574,13.65574,,,,,14.09969,8.02675,16.77677
ARM,Armenia,Republic of Armenia,Armenia,9.47,9.32,10.73,10.64,10.87,10.47,10.5,10.51,10.87,10.84,10.11,10.3,12.54,12.65,12.55,12.63,11.53,11.53,10.92,10.93,10.95,10.88,10.96,10.89,9.9,9.69,9.97,9.77,8.28,8,100,14.4,58.26582913,180,23.6,19.9,2.125590811,46.3,99.87219,1.00056,99.81645,99.84128,99.72251,99.81228,99.7673,2.39756,0.3,0.2,14.1,2.698,55,161.5523856,52.90000153,43.09999847,1559971,5.8,41.3293303,2.97,2.75977,99.35955,6.36217,96.59978,43.27322,90.23761,3.27274,46.96439,19.26827,43.69165,,24.42338,24.12319,,0.3002,,,7.10141
ASM,American Samoa,American Samoa,American Samoa,,,,,,,,,,,,,,,,,,,,,,,,,,,,,,,59.32891,,,,,,,0,97.44365,0.99545,97.88862,97.65421,97.21991,97.46996,97.34416,,,,,0.781,8.8,,,,,,,,,,,,,,,,,,,,,,,,,
ATG,Antigua and Barbuda,Antigua and Barbuda,Antigua and Barbuda,,,,,,,,,,,,,,,,,,,,,,,,,,,,,,,90.87544,4.8,80.19947797,42,3.7,41.9,,64,,,,,99.42,98.4,98.95,2.55447,,,8.1,0.169,7.6,773.7122465,,30.70000076,,,46.34853168,8.85,,,,,,,,,,,,,,,,10.88577,13.17411,8.18265
AUS,Australia,Commonwealth of Australia,Australia,10.81,10.95,11.54,11.6,11.19,11.26,12.04,12.39,11.77,11.81,12,12.22,11.74,11.91,12.68,12.85,12.11,12.13,12.08,12.09,11.38,11.12,10.53,10.3,10.48,10.21,10.39,10.1,10.32,10.03,100,,160.7520453,75,,47.6,4.986503444,84.56,,,,,,,,4.90641,,,3.8,3.273,8.1,6031.107458,61.20000076,38.90000153,12420090,,50.23111921,3.29,8.91852,,19.04393,91.08077,30.39593,72.03684,4.43532,41.64091,10.46198,37.20559,20.98663,26.7436,4.77119,5.75698,0.98578,,,27.47249
AUT,Austria,Republic of Austria,Austria,5.93,5.99,9.6,8.87,10.71,10.77,11.59,11.58,9.89,9,11.63,11.62,11.17,11.01,10.37,9.92,10.18,9.49,10.33,9.54,9.5,8.42,9.31,8.21,8.85,7.6,8.15,6.71,7.57,6.22,100,,119.4389744,23,,51.7,4.017461786,81,,,,98.0055,,,,5.45065,,,3.5,4.83,9.8,5580.493943,57.90000153,53.79999924,4468626,,48.97884934,4.05,,,22.69364,,49.4788,77.30636,9.22219,27.82756,18.60537,18.60537,,,,,,8.16027,11.63756,7.28747
AZE,Azerbaijan,Republic of Azerbaijan,Azerbaijan,,,,,,,,,,,,,,,,,,,,,,,,,,,,,,,100,,35.14366077,87,12.7,39.8,4.259905819,61,99.93441,0.99959,99.97568,99.95584,99.73935,99.88609,99.81078,2.46218,12.1,0.1,31.7,3.402,102,471.4143956,63.20000076,66.19999695,4950969,5,38.11915551,8.38,2.93019,98.52169,6.87529,95.5915,58.68309,88.71621,4.65342,30.03313,9.71914,25.37971,,15.66057,15.66057,,0,,,9.16601
BDI,Burundi,Republic of Burundi,Burundi,5.08,4.79,3.35,2.94,3.78,3.5,3.61,3.4,2.68,2.24,3.56,3.22,2.84,2.44,1.81,1.48,1.89,1.32,1.88,1.32,1.75,0.93,1.74,0.92,1.24,1.26,1.26,1.29,0.65,0.18,6.5,57.9,1.398660325,158,10.6,40.3,2.780635781,1.38,87.82438,1.00496,87.39075,87.61233,83.11736,88.23936,85.62481,5.41475,25,1.1,81.7,0.028,195,21.55325396,77,,4952060,,89.07516976,11.35,,,,,,,,,,,,,,,,42.50685,26.20684,14.67375
BEL,Belgium,Kingdom of Belgium,Belgium,8.45,8.59,10.69,10.52,11.74,11.95,12.32,12.5,10.78,10.54,12.58,12.74,12.19,12.33,12.19,12.33,11.23,11.18,11.26,11.2,10.31,10.02,10.36,10.08,8.92,8.55,8.92,8.56,7.74,7.22,100,,93.90762454,88,,58.4,6.308197974,85,,,,,,,,6.36516,,,4.1,4.887,11,4884.066261,48.79999924,39,4975258,,53.59387956,4.05,11.44443,93.03236,17.30925,81.58793,31.29354,64.27868,2.46037,32.98514,0.27642,30.52476,17.86906,30.24835,11.8449,12.37929,0.53439,9.22585,9.57712,16.34012
BEN,Benin,Republic of Benin,Benin,6.87,6.27,4.43,3.31,5.74,4.71,4.43,2.96,3.3,2.06,3.97,2.72,3.27,2.18,3.5,2.24,3.04,1.78,2.94,1.75,2.08,1.14,2.07,1.14,1.24,0.57,1.31,0.6,0.68,0.3,38.4,61.5,4.329718565,90,8.9,63.3,3.358208895,5.3,42.50171,0.67911,62.58466,52.54924,27.28826,49.87285,38.44714,4.7956,6,1.1,99.5,0.059,89,37.88944806,72.19999695,,4444955,7.5,83.01346861,11.87,16.02923,,,14.3167,12.15531,,0,2.16139,,2.16139,2.16139,,,,,11.01843,7.69833,17.25623
BFA,Burkina Faso,Burkina Faso,Burkina Faso,,,,,,,,,,,,,,,,,,,,,,,,,,,,,,,13.1,65.8,2.656473615,158,14.4,41.3,3.1,9.4,43.23966,0.9092,47.55797,45.43324,29.31573,43.03312,36.02263,4.52597,9.8,0.9,88.6,0.047,81,35.19599866,80.69999695,,7942183,20.7,93.06758091,11.87,3.13198,5.16795,1.54092,2.03596,0.22799,0.49505,0.10122,0.26706,,0.16584,0.16584,,,,,30.02287,16.0522,19.61859
BGD,Bangladesh,People's Republic of Bangladesh,Bangladesh,8.21,9.34,5.91,5.69,8.58,9.09,8.31,8.55,4.91,4.45,6.11,5.56,4.41,3.97,3.97,3.54,3.73,3.27,3.73,3.27,3.62,2.94,3.62,2.94,3.02,2.27,3.16,2.38,3.5,2.4,59.6,55.1,9.236862234,428.9,14.3,31.6,3.558376581,9.6,85.83273,1.06478,80.61053,83.18445,58.49162,64.56765,61.54588,1.96616,4.3,0.1,37.6,0.356,404,30.83346991,67.80000305,,78976778,16.4,53.68590411,14.52,20.52678,47.24151,9.5863,26.71473,12.91978,17.12843,0,4.20865,,4.20865,4.20865,,,,,36.87466,33.24147,23.08715
BGR,Bulgaria,Republic of Bulgaria,Bulgaria,8.01,7.98,11.24,11.24,11.5,11.54,12.18,12.4,11.45,11.44,11.43,11.69,11.14,11.37,11.43,11.57,11.34,11.42,11.32,11.4,11.23,11.27,10.32,10.28,12.32,12.14,11.59,11.27,10.26,9.65,100,,90.7152512,130,23.3,27,3.905178362,55.49,97.78371,0.99571,98.20516,98.0004,98.07087,98.73281,98.38898,3.58936,,,10.4,3.866,33,661.8465273,47.20000076,56.70000076,3318342,,50.84738578,4.05,5.67336,,20.38869,94.32664,51.01825,73.93796,,,,22.91971,,,22.91971,,,13.43385,13.06862,12.31071
BHR,Bahrain,Kingdom of Bahrain,Bahrain,8.49,8.58,7.06,7.25,8.14,8.88,8.2,8.55,6.79,6.81,7.58,7.99,7.54,8.29,5.81,6.43,5.97,5.99,5.93,5.57,6.12,5.02,5.51,3.34,2.34,0.95,2.34,0.95,2.35,0.96,97.69783,,,85,,13.5,5.398831135,90.99998,99.74187,0.99963,99.77859,99.76335,93.46102,96.92395,95.70295,2.6447,,,6.2,0.915,18,1242.844177,67.19999695,9.600000381,750065,,30.85804823,4.63,13.39784,68.28234,12.78052,54.8845,1.99263,42.10398,20.84559,40.11134,9.78845,19.26575,8.47425,9.4773,0.78842,1.00305,0.21463,10.85485,8.99816,17.48142
BHS,"Bahamas, The",Commonwealth of The Bahamas,"Bahamas, The",,,,,,,,,,,,,,,,,,,,,,,,,,,,,,,100,,110.5564897,67,31.1,33.7,,76.92,,,,,,,,2.84999,,,12.1,2.818,12,1720.159467,62.70000076,52.70000076,223955,,40.99351448,37.88,5.86939,93.93836,7.17241,88.06897,50.01309,80.89656,8.26354,30.88348,7.57454,22.61993,10.95313,15.0454,3.63225,4.09226,0.46001,12.01494,12.24927,19.03846
BIH,Bosnia and Herzegovina,Bosnia and Herzegovina,Bosnia and Herzegovina,,,,,,,,,,,,,,,,,,,,,,,,,,,,,,,100,,43.97342106,125,32.2,23.3,2.048192739,60.8,99.64402,0.99986,99.65801,99.65125,97.4761,99.54606,98.47681,,0.6,,5.4,1.93,64,463.6399279,32.70000076,65.19999695,1496651,,40.08981768,6.44,17.51707,74.34972,24.09029,56.83265,22.8945,32.74236,3.67734,9.84786,,6.17053,6.17053,,,,,9.46856,11.99279,11.83365
BLR,Belarus,Republic of Belarus,Belarus,,,,,,,,,,,,,,,,,,,,,,,,,,,,,,,100,,50.98907782,112,13.4,51.8,,59.02,99.8617,1.00041,99.82081,99.84069,99.67857,99.78938,99.7289,4.98752,,0.5,4.6,3.925,81,450.2139558,52.90000153,69.90000153,4482881,,42.34584449,7.42,6.93342,96.25269,6.8496,89.31927,20.87434,82.46967,11.38993,61.59532,,50.2054,50.2054,,,,,7.97039,8.25051,16.23723
BLZ,Belize,Belize,Belize,10.45,10.59,11.29,11.34,11.08,11.19,10.8,10.88,11.59,11.61,10.75,10.77,12.29,12.26,12.29,12.26,11.93,11.89,11.93,11.89,11.81,11.68,11.82,11.69,11.39,11.25,11.39,11.25,10.78,10.78,100,10.8,42.39402598,66,0.7,31.1,3.3,38.7,89.93983,1.02995,87.32443,88.61878,83.04202,82.32985,82.68886,6.21729,2.1,1.2,16.5,0.828,47,278.5792093,58.20000076,34.20000076,154602,6.2,58.34623973,8.97,14.37724,90.47126,42.70719,76.09403,19.3954,33.38684,8.80713,13.99144,,5.18431,5.18431,,,,,18.3933,14.78078,20.26316
BMU,Bermuda,The Bermudas,Bermuda,,,,,,,,,,,,,,,,,,,,,,,,,,,,,,,100,,,,,,,96.8,,,,,,,,1.78285,,,,1.766,0,,,23.20000076,,,,19.09,21.70072,,,,26.48345,74.72637,21.49836,48.24292,,26.74457,26.74457,,,,,4.57933,5.38916,20.2069
BOL,Bolivia,Plurinational State of Bolivia,Bolivia,7.75,7.81,8.25,7.71,10.82,10.54,10.71,10.31,7.77,7.05,9.62,9.23,8.47,7.64,8.47,7.64,7.32,6.54,6.73,5.97,4.25,3.23,4.25,3.23,5.44,4.52,5.47,4.55,2.63,2.07,90.5,43.5,34.711929,42,22.3,83.7,2.078424962,39.02,98.89102,0.99704,99.18483,99.04061,93.56692,97.78243,95.65097,7.03755,3.3,0.3,38.4,0.473,187,208.7841942,70.59999847,38.09999847,5145858,15.9,64.55646168,11.65,6.4478,56.76119,8.51059,50.31339,18.51593,41.80281,,,,23.28687,21.5478,,1.45257,1.73907,0.2865,16.53544,19.4118,22.47714
BRA,Brazil,Federative Republic of Brazil,Brazil,6.92,7.31,7.89,8.07,9.94,10.16,9.81,10.13,7.66,7.8,9.37,9.69,8.81,9.12,8.65,8.95,6.63,6.84,6.48,6.65,5.92,5.93,5.26,5.25,4.15,4.03,3.96,3.84,4.01,3.92,99.5,22.3,129.2533223,43.6,13.1,69.2,2.705457549,57.6,99.22046,1.00628,98.60084,98.90626,92.9048,92.24378,92.58371,5.91432,,,16.4,1.891,52,947.427696,65,36,109842906,5,45.14288857,15.23,23.1115,77.74551,14.02283,54.63402,28.64969,40.61119,,,,11.9615,11.9615,,,,,18.45293,15.73995,19.93826
BRB,Barbados,Barbados,Barbados,9.55,10.01,9.45,9.69,10.56,11.66,10.21,10.81,9.32,9.46,9.64,9.83,9.57,9.78,9.45,9.64,9.27,9.43,9.27,9.43,8.93,9.04,8.93,9.04,8.52,8.55,8.63,8.66,8.58,8.61,90.87544,,42.60446701,87,18.3,34.7,5.3,76.67,,,,,,,,6.71179,,,13,1.811,0.42,1146.041691,62.59999847,65.19999695,162318,5,49.69493674,9.14,8.25561,86.23616,53.81306,77.98055,8.51042,24.16749,14.60052,15.65707,,1.05656,1.05656,,,,,,,14.51018
BRN,Brunei Darussalam,Brunei Darussalam,Brunei Darussalam,7.95,7.88,8.74,8.58,9.28,9.8,9.56,9.67,8.77,8.48,8.82,8.63,8.86,8.71,9.13,8.94,9.11,9.23,8.02,7.93,8.89,8.05,8.82,7.98,5.99,3.92,6.14,4.07,3.41,1.7,76.16138,,79.62710595,56,,8.7,4.7,68.77,99.71525,1.00216,99.50076,99.60434,95.11002,97.68482,96.4083,3.76595,,,10.2,1.443,79,957.605998,61.29999924,,203304,5,38.31802336,1.49,,,,,,,,,,,,,,,,10.34535,8.70334,15.11647
BTN,Bhutan,Kingdom of Bhutan,Bhutan,,,,,,,,,,,,,,,,,,,,,,,,,,,,,,,75.56256,70,22.18166604,61,3.7,35.3,1.827674093,34.37,87.29413,0.97059,89.9389,88.64315,54.98029,73.06369,64.88745,5.95991,,,32.9,0.259,190,88.79259723,70.69999695,,404127,,47.90966198,18.22,13.37771,47.74344,15.80485,34.36573,5.57116,18.56088,4.085,12.98972,,8.90472,8.90472,,,,,16.57639,10.55754,7.74869
BWA,Botswana,Republic of Botswana,Botswana,10.39,10.42,9.55,9.42,10.72,10.62,10.87,10.8,8.87,8.68,10.98,10.93,10.63,10.66,9.35,9.77,7.73,7.93,7.65,7.84,5.97,5.86,5.97,5.85,4.06,3.89,4.24,4.04,3.06,3.05,53.24,59.2,30.28354068,77,21.3,25.1,2.715542638,18.5,99.58407,1.03574,96.14773,97.85409,88.93058,88.00741,88.46493,9.63293,,25.2,43.6,0.336,354,385.314097,62.79999924,17.5,1155963,24.1,55.60051588,8.08,,,,,,,,,,,,,,,,,,18.63335
CAF,Central African Republic,Central African Republic,Central African Republic,3.65,3.22,3.76,2.72,4.55,3.46,4.43,3.31,3.57,2.35,4.66,3.5,4.44,3.18,4.12,2.89,3.36,1.95,3.35,1.95,2.08,0.88,2.07,0.87,1.04,0.43,1.08,0.44,0.65,0.37,10.8,93.3,1.079971532,98,37,73.3,,4.03,26.97133,0.55205,48.8571,36.35627,24.35549,50.71271,36.75261,1.22862,,4.3,130.1,0.048,435,15.5874302,72.90000153,,2291727,47.7,76.23280568,17.39,,,,,,,,,,,,,,,,,,34.60677
CAN,Canada,Canada,Canada,10.16,10.16,12.32,12.39,12.42,12.71,13.48,13.81,12.56,12.61,13.57,13.86,13.45,13.68,13.45,13.68,12.9,13.05,12.9,13.05,12.43,12.44,12.43,12.44,11.34,11.22,11.08,10.97,9.75,9.56,100,,222.2742686,137,,21.1,5.458973778,87.12,,,,,,,,5.27246,,,4.9,2.068,6.5,5291.74613,61.5,38.20000076,19726591,,46.472607,2.51,,,17.25101,,23.10867,82.74899,11.96574,59.64031,,47.67457,47.67457,,,,,19.02609,12.19469,9.08142
CHE,Switzerland,Switzerland,Switzerland,8.69,8.77,13.02,12.67,12.45,12.61,13.65,13.63,13.42,12.97,14.03,13.94,13.68,13.33,13.69,13.33,13.41,13,13.41,13,13.02,12.47,12.66,12.15,13.64,13.01,13.63,12.99,12.92,12.28,100,,97.52859429,39,,28.8,4.622662931,87,,,,,,,,5.04805,,,3.9,4.049,7.7,9673.523535,65,47.59999847,4752879,,48.3695857,0,3.86842,,12.82603,95.74914,42.85273,82.92312,5.25208,40.07039,,34.8183,34.8183,,,,,8.17844,10.65232,5.8358
CHI,Channel Islands,Channel Islands,Channel Islands,,,,,,,,,,,,,,,,,,,,,,,,,,,,,,,100,,,,,,,,,,,,,,,,,,,1.522400022,,,,,81607,,46.51468142,,,,,,,,,,,,,,,,,,,
CHL,Chile,Republic of Chile,Chile,8.74,8.93,9.78,9.72,11.3,11.5,11.71,11.85,9.71,9.6,11.28,11.38,10.68,10.7,10.67,10.69,10.11,10.1,10.12,10.11,8.92,8.71,8.93,8.72,7.28,6.97,7.28,6.97,6.16,6.07,99.6,9,56.57921082,30,22.1,28.9,4.906070468,72.35,99.67427,1.00657,99.02377,99.34376,97.21163,97.38484,97.29664,4.55744,,0.3,8.1,1.026,20,1137.356265,58,57,8745002,5,45.26989594,5.98,7.94547,80.80604,21.79331,72.86057,35.2518,51.06726,,,4.98748,15.81546,9.96172,10.82799,0.86626,0.86626,,20.99118,21.00627,14.97998
CHN,China,People's Republic of China,China,9.25,9.32,7.51,7.13,9.17,9.14,8.87,8.8,7.12,6.61,8.44,8.29,7.8,7.53,7.79,7.5,7.41,6.87,7.4,6.83,6.02,5.18,6.02,5.18,4.93,3.85,4.93,3.85,3.1,1.95,100,25.2,55.03088811,143.2,53.4,67.8,4.548804854,49.3,99.71309,0.99969,99.7444,99.72974,94.47985,98.16756,96.37548,1.89593,,,10.7,1.94,89,419.7342406,68,,806498521,9.3,35.84650547,9.02,28.08527,93.4082,43.00692,65.32292,13.50397,22.316,,8.81204,5.23438,8.81204,3.19897,3.57765,0.37868,0.37868,,13.42238,17.50026,19.48791
CIV,Cote d'Ivoire,Republic of Côte d'Ivoire,Côte d'Ivoire,5.08,4.45,4.65,3.71,5.93,5.02,5.63,4.65,4.22,3.15,5.48,4.38,5.23,4.09,4.3,3.11,3.43,2.29,3.09,1.93,2.85,1.62,2.32,1,1.38,0.48,1.1,0.33,0.86,0.22,55.8,56,5.881447799,55,4.3,51.9,5.234129965,14.6,40.68267,0.68249,59.6092,50.2299,32.54817,53.14726,43.11306,4.71947,16.4,3.5,92.6,0.144,215,88.37029761,64.59999847,,8540700,13.3,84.3652116,11.87,,,,,,,,,,,,,,,,34.32982,20.60998,9.05427
CMR,Cameroon,Republic of Cameroon,Cameroon,6.01,5.74,6.15,5.65,6.85,6.75,7.18,6.84,5.96,5.27,7.4,6.97,7.03,6.48,6.46,5.89,5.85,5.07,5.46,4.64,4.4,3.62,2.65,1.54,2.61,1.52,1.65,0.73,1.35,0.54,53.7,37.8,3.521575584,64,20.4,48.8,3.276135193,11,80.44662,0.92341,87.11932,83.79738,68.881,81.15284,74.98557,3.02834,13.6,4.8,87.9,0.077,266,58.6522027,67.30000305,,9176788,9.9,85.11251799,17.47,,,,,,,,,,,,,,,,19.73618,19.26365,52.02621
COG,"Congo, Rep.",Republic of Congo,"Congo, Rep.",6.87,6.59,5.94,5.31,5.69,5.17,5.36,4.4,5.67,4.9,5.65,4.94,6.27,7.12,7.12,6.88,8.11,6.99,6.23,4.59,6.23,4.59,2.95,1.38,2.95,1.38,1.33,0.36,0.96,0.27,41.6,46.9,3.83447135,135,19.6,56,,7.11,76.94608,0.89803,85.68361,80.91395,72.87706,86.43431,79.31117,6.22079,,2.8,45,0.095,461,161.6386006,66.09999847,,1827861,30.5,86.07687167,17.34,,,,,,,,,,,,,,,,19.5078,16.8374,12.25985
COL,Colombia,Republic of Colombia,Colombia,9.95,10.13,8.95,8.9,10.86,11,10.56,10.72,8.45,8.4,9.99,10.13,9,9.14,9,9.14,8.23,8.25,8.23,8.25,7.03,6.9,7.03,6.9,5.65,5.46,5.65,5.46,4.52,4.42,97,13.1,40.56807911,102,20.8,69.7,3.64999392,52.57,99.10269,1.00888,98.23029,98.66048,94.76498,94.58034,94.67554,4.6708,0.2,0.4,15.9,1.471,39,569.1852903,60.70000076,42.59999847,24290685,8.8,45.90394031,4.87,15.68471,74.52634,15.42489,58.84163,21.53649,43.41674,,,11.14797,21.88025,10.73227,10.73227,,,,26.27563,21.90267,17.35012
COM,Comoros,Union of the Comoros,Comoros,,,,,,,,,,,,,,,,,,,,,,,,,,,,,,,69.3,69.6,6.17728817,120,,216.5,,6.98,88.24994,1.01584,86.87383,87.55201,73.7188,81.8075,77.76355,4.88999,12.7,,73.5,0.146,60,56.76149624,53.90000153,,263991,,76.26505997,16.63,,,,,,,,,,,,,,,,10.73829,6.42101,25.74793
CPV,Cabo Verde,Republic of Cabo Verde,Cabo Verde,,,,,,,,,,,,,,,,,,,,,,,,,,,,,,,70.56256,70.3,47.71871076,88,15.9,36.5,3.677561023,40.26,98.56207,1.00447,98.12329,98.33912,83.08906,92.09555,87.57656,5.03693,,1.1,24.5,0.306,236,173.305672,61.59999847,,244001,9.4,53.1337066,10.13,,,,,,,,,,,,,,,,16.60772,15.28372,9.46784
CRI,Costa Rica,Republic of Costa Rica,Costa Rica,8.02,8.39,7.97,8.07,9.09,9.58,9.27,9.61,7.84,7.89,8.95,9.05,8.18,8.19,8.19,8.19,8.16,8.2,8.16,8.2,7.36,7.43,7.36,7.43,5.54,5.44,5.54,5.44,4.79,4.95,99.5,5.5,77.11152043,45,13.3,58,3.137591084,49.41,99.42978,1.00212,99.2196,99.32165,97.82502,97.68721,97.75527,4.89459,,0.3,9.7,1.113,14,970.002032,57.79999924,21.79999924,2316957,5,45.55770535,4.57,29.28905,79.88591,13.37319,50.59687,16.3269,37.22367,0,20.89677,,20.89677,20.89677,,,,,14.40018,14.28597,11.86698
CUB,Cuba,Republic of Cuba,Cuba,10.77,10.78,10.16,10.04,13.89,13.82,11.96,12.2,9.65,9.51,9.92,10.24,11.2,11.52,11.24,11.48,11.05,11.04,11.04,11.03,9.69,9.29,8.41,8.09,6.48,5.79,6.67,5.98,3.84,3.48,100,,,,,,,30,99.90847,1.00035,99.87324,99.89039,99.76924,99.65394,99.71157,12.83727,,0.3,5.5,6.723,13,816.6235369,54.90000153,54,5383687,5,43.20849854,10.99,10.04654,91.19461,23.74254,81.14807,26.71207,57.40553,15.61065,30.69346,0.90101,15.08281,9.48384,14.1818,4.34343,4.69797,0.35454,8.88597,8.87554,4.59873
CUW,Curacao,Curaçao,Curaçao,,,,,,,,,,,,,,,,,,,,,,,,,,,,,,,90.87544,,,,,,,,,,,,,,,,,,,,1.7,,,,,,50.42307061,,,,,,,,,,,,,,,,,,,
CYM,Cayman Islands,Cayman Islands,Cayman Islands,,,,,,,,,,,,,,,,,,,,,,,,,,,,,,,90.87544,,,,,,,74.1,98.62333,0.99477,99.14231,98.90682,99.02148,98.7224,98.86782,,,,,1.939,8.7,,,52.40000153,,,,,7.36359,97.53653,13.92961,90.17293,31.6837,76.24332,7.4514,44.55962,,37.10822,37.10822,,,,,6.00667,4.60123,26.82353
CYP,Cyprus,Republic of Cyprus,Cyprus,9.4,9.66,11.07,10.85,12.51,13.18,13.2,13.48,11.11,10.77,12.84,13.01,12.56,12.51,12.56,12.51,11.75,11.62,11.75,11.62,10.02,9.47,10.02,9.47,8.14,7.17,8.14,7.17,5.9,4.77,100,,53.12688158,137,,24.4,4.420815453,69.33,99.87934,1.00039,99.83996,99.85889,98.65401,99.46252,99.06569,6.64467,,,2.7,2.329,6.8,1819.112996,53.90000153,38.40000153,613733,,41.45541178,4.05,14.66489,94.36194,9.80451,79.69705,34.1378,69.89255,1.52162,35.75474,9.34535,34.23312,24.3526,24.88777,,,0.53518,9.66562,9.77062,12.68324
CZE,Czech Republic,Czech Republic,Czech Republic,9.04,9.05,12.8,12.71,12.05,12.08,12.64,12.78,13.16,13.03,13.58,13.67,13.43,13.43,13.43,13.43,13.36,13.24,13.37,13.25,13.09,12.9,13.1,12.9,12.79,12.47,12.79,12.47,12.8,12.47,100,,49.79900876,110,40.9,50.4,3.603684416,79.71,,,,,,,,4.26371,,,3.4,3.624,5.9,1378.521202,55.90000153,72.90000153,5341662,,47.90969389,4.05,0.04931,99.83917243,10.63904,99.78986243,69.19574,89.15082243,1.67571,19.95508243,,18.27937243,18.27937243,,,,,11.26948,11.79291,26.02222
DEU,Germany,Federal Republic of Germany,Germany,7.75,7.89,12.37,12.06,12.17,12.3,13.09,13.2,12.69,12.3,13.3,13.27,13.25,13.06,13.25,13.06,13.21,12.97,13.2,12.97,13.04,12.58,12.2,11.79,11.93,11.4,11.92,11.39,11.4,10.79,100,,118.1869095,28,,48.8,5.609588206,86.19,,,,,,,,4.94831,,,3.7,3.889,7.8,5410.634639,56.90000153,59.70000076,42207318,,51.62432338,4.05,3.32435,99.88375,14.34684,96.55941,49.91524,82.21257,6.3161,32.29733,25.98124,25.98124,,,,,,11.75844,14.33652,7.51864
DJI,Djibouti,Republic of Djibouti,Djibouti,,,,,,,,,,,,,,,,,,,,,,,,,,,,,,,53.26256,65.6,7.310886079,125,17.3,37.6,,10.71,,,,,,,,4.49022,,1.6,65.3,0.229,996,190.7601074,,,307005,15.9,59.01755379,21.92,,,,,,,,,,,,,,,,27.99262,17.14638,19.20408
DMA,Dominica,Commonwealth of Dominica,Dominica,,,,,,,,,,,,,,,,,,,,,,,,,,,,,,,92.66676,16.6,47.81964513,61,1.3,37,,62.86,,,,,,,,4.99184,,,21.2,1.59,1,407.8128301,,17.20000076,,,,8.04,62.54448,88.99763,15.73655,26.45314,5.70743,10.7166,,,,5.00917,5.00917,,,,,14.66192,7.93359,14.23529
DNK,Denmark,Kingdom of Denmark,Denmark,9.23,9.27,11.3,11.15,10.99,11.2,11.5,11.69,11.53,11.32,12.19,12.25,12.36,12.48,13.34,13.44,13.08,13.24,13.08,13.23,12.84,12.7,10.56,10.26,9.25,8.61,8.05,7.57,8.01,7.54,100,,54.28569379,38,,24.5,5.759602588,95.99,,,,,,,,8.5471,,0.2,3.5,3.485,8.9,6463.243218,58.29999924,42.29999924,2917925,,55.19953428,4.05,0.41506,,23.03587,99.58494,43.58138,76.54907,,32.96768,32.96768,32.96768,,,,,,10.04251,10.06155,17.68573
DOM,Dominican Republic,Dominican Republic,Dominican Republic,7.87,8.21,7.85,8.14,9.52,10.11,9.12,9.62,7.56,7.79,8.56,9.2,8.07,8.49,8.61,9.01,7.72,7.78,7.72,7.78,5.79,5.5,5.79,5.5,4.6,4.62,4.6,4.62,3.73,3.37,98,12.1,33.40007477,82,11.8,42.4,4.518985402,49.58,98.61338,1.01388,97.26311,97.93305,92.34533,91.22701,91.79077,2.05124,0.6,1,30.9,1.49,73,268.9943173,55.09999847,34.20000076,4710194,12.3,58.14265105,6.22,9.9829,65.22193,21.75269,55.23904,22.62776,33.48635,,,,10.85859,10.85859,,,,,24.46519,19.85137,26.20872
DZA,Algeria,People's Democratic Republic of Algeria,Algeria,7.41,8.12,6.68,6.35,9.02,9.4,8.07,8.23,5.98,5.31,8.02,7.74,7.52,6.75,5.74,4.75,5.74,4.74,3.84,2.67,3.84,2.66,2.2,1.14,2.19,1.14,0.81,0.39,0.63,0.25,100,11.8,7.288244392,180,5,72.7,2.988973396,18.09,95.52456,0.99873,95.64635,95.58661,73.13369,87.17262,80.19891,4.33702,,0.1,25.5,1.207,118,361.7291743,40,21.5,12355028,5,51.53663147,18.2,22.38251,46.4756,16.45442,24.09309,7.63867,7.63867,,,,,,,,,,17.80495,16.15822,23.77774
ECU,Ecuador,Republic of Ecuador,Ecuador,7.17,7.29,7.6,7.58,8.95,9.19,9.65,9.87,7.44,7.35,8.99,8.96,8.28,8.36,8.28,8.36,7.47,7.35,7.47,7.35,4.99,4.68,4.99,4.68,3.82,3.47,3.82,3.47,3.17,3.09,97.2,36,40.57754557,74,9.7,33,4.839285851,43,98.8203,0.99988,98.8321,98.8263,93.54736,95.37947,94.45504,4.18002,,0.3,21.6,1.724,78,579.1924445,65.59999847,29,7720071,10.9,55.94780296,9.27,31.28146,79.22296,9.292,47.9415,24.31946,38.64949,0.61632,14.33003,,,13.5403,13.71372,0.17342,0.17342,,15.13735,26.23663,14.54677
EGY,"Egypt, Arab Rep.",Arab Republic of Egypt,"Egypt, Arab Rep.",7.95,8.26,7.15,6.39,8.86,8.79,10.04,9.44,6.55,5.44,8.81,7.92,7.65,6.77,6.26,5.3,5.51,4.33,4.31,2.85,4.28,2.83,3.12,1.69,3.09,1.67,2.33,1.01,2.18,0.91,100,10.6,12.66749196,64,8.6,45,4.327892739,31.7,92.07078,0.97481,94.45025,93.28123,67.29184,83.24295,75.23647,3.76083,7,0.1,24,2.83,26,177.7683606,42.79999924,37.5,29596846,5,61.69004078,10.04,,,,,,,,,,,,,,,,16.76445,8.82194,25.09249
ERI,Eritrea,State of Eritrea,Eritrea,,,,,,,,,,,,,,,,,,,,,,,,,,,,,,,36.0768,69.9,,59,15.1,83.7,,0.99,91.91402,0.97216,94.54572,93.24545,65.45151,82.39361,73.76997,2.127,29.1,0.7,46.5,0.05,123,25.20042878,78.69999695,,2482414,,83.0794804,7.63,,,,,,,,,,,,,,,,39.8274,36.77113,20.24839
ESP,Spain,Kingdom of Spain,Spain,9.6,9.79,10.27,10.14,10.68,11.16,11.43,11.94,10.3,10.1,11.63,12.07,11.16,11.41,11.17,11.41,11.24,11.1,11.24,11.09,9.29,8.83,8.36,7.91,8.79,8.06,8.79,8.06,6.98,6.35,100,,119.6278735,107,21.3,50,5.652581036,76.19,99.77376,1.00058,99.71571,99.74388,97.4737,98.7462,98.09797,4.36743,,,4.1,4.949,15,2658.270424,44.40000153,23.29999924,23342592,,49.9575369,4.05,19.25007,89.12309,24.27187,69.87302,18.63033,45.60115,0,26.97082,,26.94193,26.94193,,,,,11.21062,11.58455,12.6389
EST,Estonia,Republic of Estonia,Estonia,8.7,8.7,12.11,12.35,11.84,12.07,12.51,13.01,12.48,12.71,12.79,13.31,12.79,13.25,12.8,13.25,13.01,13.35,13.02,13.35,12.65,12.83,12.66,12.84,11.65,11.75,11.69,11.79,11.16,11.2,100,,76.81975404,91,28.7,49.4,5.547498771,84.24,99.97072,1.00008,99.96248,99.96649,99.80713,99.84683,99.82517,4.79262,,,2.9,3.242,25,1248.279632,57.29999924,51.70000076,687168,,52.32812265,4.05,,,11.59036,,,88.40964,51.24919,,,37.16046,37.16046,,,,,7.91304,8.26007,10.74017
ETH,Ethiopia,Federal Democratic Republic of Ethiopia,Ethiopia,,,,,,,,,,,,,,,,,,,,,,,,,,,,,,,26.56256,73.9,0.463300214,95,4.3,32.1,3.195296797,2.9,67.81033,0.95336,71.12772,69.48413,41.09206,57.20897,49.0907,4.49855,47.3,1.2,59.2,0.022,200,26.64777614,79.30000305,4.5,47012009,32,83.56816614,17.42,12.11923,24.63092,3.67564,12.51169,2.94064,8.83605,4.80242,5.89541,,1.09299,1.09299,,,,,43.34925,20.99876,24.20481
FIN,Finland,Republic of Finland,Finland,9.4,9.41,11.62,11.64,11.55,11.7,12.32,12.59,11.82,11.82,12.74,13,12.72,12.97,12.75,13.02,12.54,12.74,12.57,12.78,11.9,11.93,11.61,11.66,10.61,10.49,10.62,10.5,9.49,9.3,100,,35.86609314,42,,37.9,6.361369204,92.38,,,,,,,,7.19254,,,2.3,2.905,7.1,4612.290456,54.29999924,46.40000153,2714587,,56.57147215,4.05,,,28.04627,,38.88605,71.95373,,,11.92887,33.06768,10.71565,21.13881,9.42443,10.42317,0.99873,9.02802,15.99444,18.9193
FJI,Fiji,Republic of Fiji,Fiji,10.72,11.08,9.96,9.95,11.98,12.34,10.88,11.18,9.58,9.46,10.64,10.89,10.59,10.7,9.96,9.98,9.96,9.97,8.96,8.68,8.95,8.68,7.26,6.71,7.26,6.71,6.05,5.42,5.72,5.09,59.32891,,44.49419913,81,22.8,31.1,,41.8,,,,,,,,4.22044,,0.1,22.4,0.426,110,204.0112117,50.59999847,,347161,5,52.51697309,9.9,21.56489,79.38427,20.10984,57.81938,22.45118,37.70954,3.45653,15.25836,,11.80183,11.80183,,,,,26.24225,13.34818,28.54874
FRA,France,French Republic,France,9.81,9.91,10.68,10.49,11.98,12.17,12.6,12.72,10.64,10.4,12.61,12.66,12.02,12.03,12.03,12.04,11.14,11.05,11.16,11.06,9.98,9.68,10.01,9.73,8.75,8.36,8.77,8.38,7.28,6.94,100,,108.048267,71,,62.7,5.280860484,83.75,,,,,,,,5.53344,,,4.3,3.19,12,4958.989226,50.20000076,45.09999847,30057382,,59.17372988,4.05,17.96038,98.43514,16.73526,80.47476,37.68082,63.7395,0.11108,26.05868,,25.9476,25.9476,,,,,14.67706,11.22372,21.28925
FRO,Faroe Islands,Faeroe Islands,Faeroe Islands,,,,,,,,,,,,,,,,,,,,,,,,,,,,,,,100,,,,,,,94.66,,,,,,,,,,,,,,,,,,,,,,,,,,,,,,,,,,,,,,
FSM,"Micronesia, Fed. Sts.",Federated States of Micronesia,"Micronesia, Fed. Sts.",,,,,,,,,,,,,,,,,,,,,,,,,,,,,,,59.32891,,14.70436867,105,6,60.5,,29.65,,,,,,,,6.70818,,,34.7,0.177,250,414.9857828,,,,,63.29592718,,,,,,,,,,,,,,,,,,,17.1
GAB,Gabon,Gabonese Republic,Gabon,9.7,8.63,8.39,8.99,10.16,10.83,9.39,10.77,7.57,8.63,9.18,10.46,9.05,9.79,8.37,9.14,8.31,9.06,6.52,7.77,6.47,7.71,3.15,4.84,3.11,4.8,1.6,2.87,0.8,1.36,89.3,37,14.3905458,148,18.6,45.7,3.174314548,9.81,90.51211,1.03131,87.76383,89.12468,81.024,85.32027,83.17981,3.82709,10.6,3.9,50.8,0.292,615,321.3300907,49,,645573,5,73.752431,17.27,,,,,,,,,,,,,,,,,,12.77436
GBR,United Kingdom,United Kingdom of Great Britain and Northern Ireland,United Kingdom,10.94,11.06,12.24,12.12,12.87,12.95,13.47,13.52,12.32,12.15,13.42,13.45,13.08,13.05,13.04,12.96,12.58,12.45,12.24,12.07,11.41,11.06,11.3,11.03,10.5,10.21,10.26,9.97,10.01,9.79,100,,129.7634366,79,,32,5.67227357,91.61,,,,,,,,5.72,,,4.2,2.809,15,3934.823561,58.20000076,41.90000153,32994128,,54.3232286,4.05,,82.95189,21.46248,82.95189,30.03378,61.48941,,,7.86745,31.45563,16.46,23.58818,6.21177,7.12818,0.91641,16.2881,15.63258,16.42327
GEO,Georgia,Georgia,Georgia,,,,,,,,,,,,,,,,,,,,,,,,,,,,,,,100,,58.26634535,71,7.7,16.4,3.991629663,48.9,99.84979,1.00115,99.73556,99.79151,99.73452,99.79207,99.7609,1.98331,1,0.3,11.9,4.272,145,302.6006332,56.59999847,61.90000153,2017915,7.4,45.62080686,0.57,2.54208,98.13536,4.66876,95.59328,41.25388,90.92452,19.49826,49.67064,0,30.17238,2.87168,30.17238,27.06613,27.3007,0.23457,7.19235,7.30735,6.76152
GHA,Ghana,Republic of Ghana,Ghana,8.11,8.11,7,6.15,8.67,8.11,8.51,7.79,6.76,5.7,7.47,6.54,6.77,5.74,7.14,6.08,6.88,5.83,6.88,5.83,6.26,4.79,5.45,4.1,3.6,2.23,3.6,2.23,2.4,1.44,64.06256,37.9,8.19539136,79,9.2,32.7,3.503800139,18.9,89.85567,0.98394,91.32188,90.60294,71.35437,82.03775,76.57281,5.93355,7.4,1.5,61.6,0.096,282,57.89263246,67.80000305,17.39999962,11372106,5,73.43398487,12.34,10.35022,64.66984,33.75565,54.31962,9.22299,20.56397,8.21156,11.34099,,3.12943,3.12943,,,,,15.3958,19.50429,29.61281
GIN,Guinea,Republic of Guinea,Guinea,,,,,,,,,,,,,,,,,,,,,,,,,,,,,,,26.2,43.3,1.619646049,69,5.2,68.3,2.945518834,1.72,47.49343,1.10361,43.03464,45.24127,22.77315,38.07995,30.40826,3.54088,46.2,1.6,93.7,0.1,253,30.46022073,70.69999695,,5060746,16.4,84.51256728,11.86,,,,,,,,,,,,,,,,37.0465,26.66493,18.70033
GMB,"Gambia, The",Republic of The Gambia,"Gambia, The",6.05,5.99,3.77,3.12,5.3,4.73,4.65,3.86,2.82,2.01,3.74,2.91,3.61,2.62,2.35,1.44,1.83,1.08,1.83,1.07,1.34,0.72,1.34,0.72,1.19,0.68,1.29,0.75,1.02,0.64,34.5268,34.8,,78,22.2,63.3,4.116887355,15.56,70.84003,0.93761,75.55352,73.17817,47.6248,63.91173,55.54719,2.80663,10.6,1.8,68.9,0.038,126,30.72368182,72,,801157,5.3,94.7589251,13.79,,,,,,,,,,,,,,,,27.70799,,10.26452
GNB,Guinea-Bissau,Republic of Guinea-Bissau,Guinea-Bissau,,,,,,,,,,,,,,,,,,,,,,,,,,,,,,,60.60672,82.3,3.808702886,455,8.4,45.5,,3.32,73.70832,0.91167,80.84978,77.27927,48.28183,71.77514,59.91057,2.35587,12.3,3.7,92.5,0.045,463,37.27708811,68.30000305,,780016,20.7,78.97441097,11.87,,,,,,,,,,,,,,,,17.13103,10.60682,147.56
GNQ,Equatorial Guinea,Republic of Equatorial Guinea,Equatorial Guinea,,,,,,,,,,,,,,,,,,,,,,,,,,,,,,,66,66.2,10.27156767,106,,47.1,,18.86,98.80095,1.01098,97.72795,98.26119,92.99464,97.36599,95.25692,2.18798,,6.2,94.1,0.302,140,663.0542294,79.80000305,,431124,,73.26839256,17.39,,,,,,,,,,,,,,,,24.34143,14.87218,4.86893
GRC,Greece,Hellenic Republic,Greece,9.25,9.29,10.3,10.05,12.04,12.35,12.91,13.52,10.26,9.96,12.53,12.98,12.09,12.29,12.09,12.29,11.1,10.91,11.1,10.91,9.54,9.05,9.54,9.05,7.52,6.87,7.52,6.87,5.91,5.17,100,,59.08688711,51,11.7,49.6,4.593618812,63.21,99.35951,0.99827,99.53137,99.44783,96.87846,98.52836,97.68686,3.96574,,,4.6,6.167,6,1743.037533,39.09999847,41.90000153,4926892,,55.05594897,4.05,30.23232,93.3814,9.48681,63.14908,26.82054,53.66228,6.80842,26.84174,,20.03332,20.03332,,,,,8.09305,7.68323,20.78964
GRD,Grenada,Grenada,Grenada,,,,,,,,,,,,,,,,,,,,,,,,,,,,,,,90.87544,6,47.42981669,38,32.6,45.3,,37.38,,,,,,,,3.92674,,,11.8,0.663,2.9,505.8299094,,,,,50.88817003,8.88,,,,,,,,,,,,,,,,12.90671,21.52917,10.09434
GRL,Greenland,Greenland,Greenland,,,,,,,,,,,,,,,,,,,,,,,,,,,,,,,100,,,,,,,66.7,,,,,,,,,,,,1.135499954,253,,,,,,,,,,,,,,,,,,,,,,,,,
GTM,Guatemala,Republic of Guatemala,Guatemala,5.81,5.74,4.57,4.32,6.81,6.43,5.48,4.94,4.3,4.02,5,4.97,4.63,4.22,4.38,3.95,4.1,3.74,3.79,3.41,3.53,2.98,3.06,2.5,2.21,2.28,2.01,2.24,1.87,2.14,78.5,34.5,35.84024278,39,11.9,37.5,3.879777871,23.4,91.00479,0.95283,95.51033,93.25471,74.39028,84.74672,79.3053,2.84226,,0.5,29.1,0.932,106,232.6252272,65.90000153,18.70000076,6827724,15.6,72.06971837,4.9,19.08132,44.52942,6.10108,25.4481,15.99276,19.34702,0.49264,3.35426,0.48918,2.86161,2.18872,2.37244,0.17234,0.18371,,14.25009,10.41592,27.70617
GUM,Guam,Guam,Guam,,,,,,,,,,,,,,,,,,,,,,,,,,,,,,,59.32891,,,,,,,69.27,99.97497,0.99984,99.99108,99.98333,99.80481,99.77357,99.78904,,,,,1.084,52,,,,77646,,52.11130782,,,,,,,,,,,,,,,,,,,
GUY,Guyana,Co-operative Republic of Guyana,Guyana,8.55,9.04,8.79,9.23,10.51,11.04,10.04,10.56,8.5,8.93,9.26,9.88,8.94,9.53,8.14,8.73,8.14,8.73,8.14,8.73,8.12,8.7,8.12,8.69,6.35,6.31,6.49,6.45,4.49,4.13,79.46677,33.1,19.04754575,109,29.5,32.3,3.621834209,37.35,94.75878,1.00753,94.0505,94.38318,89.7962,87.19693,88.49968,3.19404,3.5,1.8,39.4,0.214,123,221.7832703,54.5,38.20000076,328686,10.6,53.06176426,8.88,36.30599,67.49937,0,31.19339,28.92464,31.19339,2.06998,2.26874,,0.19876,0.19876,,,,,19.57958,21.7405,13.10207
HKG,"Hong Kong SAR, China",Hong Kong Special Administrative Region of the People's Republic of China,"Hong Kong SAR, China",12.62,12.7,11.38,11.01,14.26,14.34,13.97,13.86,11.02,10.6,13.61,13.41,13.03,12.81,13.03,12.8,11.43,11.06,11.34,10.93,9.16,8.34,9.16,8.34,7.18,5.93,7.18,5.93,3.99,2.62,100,,49.77183612,28,,22.8,6.352012687,74.56,,,,,,,,3.57196,,,,1.319,95,,56.79999924,48.5,3745415,,35.90210589,0,18.72461,94.11998,16.21729,75.39537,34.64714,59.17808,5.84034,24.53094,,18.6906,18.6906,,,,,17.756,,14.97417
HND,Honduras,Republic of Honduras,Honduras,7.36,7.74,6.19,6.29,7.74,8.04,7.06,7.24,5.5,5.54,6.49,6.72,6.18,6.15,6.18,6.15,5.39,5.35,5.39,5.35,4.49,4.42,4.33,4.25,3.39,3.2,3.39,3.2,2.02,2.13,82.2,27.5,24.64045897,39,16.3,44.3,4.62820501,19.08,98.14689,1.0199,96.232,97.1744,88.55587,88.41038,88.48381,5.87493,4.2,0.4,20.4,0.372,49,212.3151508,60.40000153,23.89999962,3373490,12.2,59.40097102,5.01,25.99928,52.99054,8.44529,26.99126,11.42558,18.54597,2.88229,7.12039,,4.23809,4.23809,,,,,9.52825,7.40113,19.93308
HRV,Croatia,Republic of Croatia,Croatia,9.28,9.35,11.3,10.96,12.74,12.92,12.55,12.83,11.42,11.04,12.39,12.62,11.99,12.06,12.32,12.4,12.04,11.94,12.04,11.94,11.7,11.41,11.71,11.42,10.58,9.88,10.58,9.88,9.01,8.16,100,,116.8194345,70,24.1,20,4.54886002,68.57,99.75421,1.00023,99.73082,99.74223,98.92584,99.65558,99.27412,4.15795,,,4.3,3,16,1050.334391,42.70000076,63.90000153,1845114,,50.54449268,4.12,7.74112,96.79469,18.47835,89.05357,52.31748,70.57521,,,,18.25773,18.25773,,,,,8.74344,7.0019,9.26592
HTI,Haiti,Republic of Haiti,Haiti,4.94,4.85,5.11,3.66,6.23,5.53,5.7,3.92,4.74,3.08,5.75,4.62,5.55,4.37,5.04,3.73,4.5,3.22,3.03,2.49,3.02,1.59,2.09,1.59,2.08,0.99,1.91,1.04,1.77,1.03,37.9,74.4,,60,,40.3,2.561020059,11.4,81.57879,0.98819,82.55409,82.06595,57.32032,64.33557,60.73228,1.07399,3.6,1.9,69,0.25,244,107.5040316,61.5,,4594342,53.4,63.22449003,4.55,,,,,,,,,,,,,,,,,,14.0661
HUN,Hungary,Hungary,Hungary,8.29,8.39,11.85,11.82,11.88,11.98,12.77,13.05,12.14,12.06,12.76,12.96,12.43,12.53,12.44,12.54,12.23,12.21,12.23,12.21,12.07,11.9,12.07,11.9,11.27,11.06,11.27,11.06,11.3,11.1,100,,58.03842307,252,48.8,48.4,3.37181917,76.13,98.99749,1.00317,98.68453,98.83753,98.97863,99.13181,99.05043,4.64508,,,5.9,3.08,15,1036.623859,47.90000153,61.90000153,4383005,,47.22401383,4.05,1.25182,99.64556,19.90632,98.39374,49.46334,78.48742,7.56699,29.02408,2.03111,21.45709,11.87737,19.42598,7.04577,7.54861,0.50284,9.68106,11.2015,15.166
IDN,Indonesia,Republic of Indonesia,Indonesia,8.24,8.36,7.61,7.2,9.47,9.51,9.22,9.15,7.26,6.71,8.72,8.5,8.11,7.63,8.11,7.63,6.57,5.87,6.57,5.87,5.49,4.61,5.49,4.61,3.94,2.89,3.94,2.89,2.57,1.71,96,21.8,49.62922175,79,2.9,29.7,3.812931974,17.14,99.09054,1.00228,98.86538,98.97544,91.51756,96.25713,93.88262,3.36659,2.5,0.5,27.2,0.204,647,99.41035911,63.5,26.60000038,124061112,7.6,49.45758634,7.23,29.95567,74.43771,15.54718,44.48204,21.05411,28.93486,,,,7.88074,7.88074,,,,,14.39243,16.85029,27.04396
IMY,Isle of Man,Isle of Man,Isle of Man,,,,,,,,,,,,,,,,,,,,,,,,,,,,,,,100,,,,,,,,,,,,,,,,,,,,,,,,,,,,,,,,,,,,,,,,,,,,,
IND,India,Republic of India,India,8.02,8.11,6.24,4.81,9.02,8.35,7.76,6.66,5.39,3.56,6.99,5.79,5.99,4.35,5.26,3.15,4.69,2.51,4.47,2.21,4.18,1.92,3.74,1.57,3.08,1.18,2.35,0.91,2.07,0.77,78.7,24,18.07498434,90.1,27.5,60.6,4.207172308,18,87.2398,0.95004,91.82743,89.64678,62.84067,80.94614,72.13095,3.8256,20.4,,47.7,0.702,195,74.99460433,52.20000076,18.39999962,496960163,15.2,53.14193951,9.23,,,,,,,,,,,,,,,,29.76622,32.05593,21.53122
IRL,Ireland,Ireland,Ireland,10.59,10.63,12.03,12.16,11.91,12.19,12.7,12.92,12.2,12.31,12.72,12.89,12.21,12.41,14.19,14.38,13.17,13.38,13.2,13.41,11.78,12,11,11.25,9.37,9.51,9.36,9.5,7.91,7.74,100,,84.76546607,85,17.2,25.9,5.326941565,79.69,,,,,,,,5.84453,,0.3,3.6,2.67,9.3,4239.154489,53.40000153,38.59999847,2184332,,52.3249582,4.05,13.94909,,16.29894,79.56229,27.23843,63.26335,5.71022,36.02492,4.73324,30.3147,16.80455,25.58146,8.77691,8.77691,,,,15.38655
IRN,"Iran, Islamic Rep.",Islamic Republic of Iran,"Iran, Islamic Rep.",10.75,10.85,8.88,8.68,10.36,11.08,10.21,10.32,8.17,7.74,9.01,9.14,7.99,7.56,7.54,7.07,7.95,7.34,7.83,7.16,6.72,5.71,6.6,5.5,4.75,3.78,4.59,3.57,4.37,3.33,100,30.3,56.58696918,77,,44.1,3.904708967,39.35,98.17391,0.99634,98.53414,98.35537,82.51485,91.19007,86.84683,3.06152,,0.1,15.5,0.89,33,350.7386071,39.59999847,25.29999924,27133460,5,39.83739069,28.25,35.29353,,20.46935,64.70647,24.43842,44.23712,0,19.7987,4.9838,19.7987,12.03612,14.8149,2.55544,2.77879,0.22334,16.05594,18.46739,16.2704
IRQ,Iraq,Republic of Iraq,Iraq,8.26,7.97,7.16,6.17,8.85,8.36,7.75,6.77,6.38,5.09,8.16,7.06,7.56,6.67,7.23,5.9,6.15,4,4.59,2.84,3.91,2.34,2.59,1.38,1.58,0.8,0.79,0.3,0.85,0.32,100,47.2,1.487679508,77,4.2,27.8,,11.3,80.61182,0.97805,82.42104,81.53696,73.72752,85.65496,79.6875,3.5515,,,32,0.607,67,292.0043788,35.40000153,,8686537,22.8,79.22898589,,,,,,,,,,,,,,,,,18.83668,18.68712,22.09495
ISL,Iceland,Republic of Iceland,Iceland,10.8,10.86,11.05,11.19,14.47,14.43,13.75,13.95,10.59,10.76,12.62,12.78,11.84,12.13,11.22,11.65,10.47,10.94,10.08,10.46,9.76,10.16,9.1,9.11,8.21,8.26,7.89,7.85,7.26,7.11,100,,71.52865079,22,,29.6,5.976981395,98.16,,,,,,,,7.03659,,,2,3.476,4.3,4661.621362,70.09999847,36.79999924,192535,,50.9491205,2.55,3.959054817,,33.43736304,91.29722314,28.32732895,57.8598601,1.980241904,29.53253115,,27.55228925,27.55228925,,,,,,12.45239,8.71305
ISR,Israel,State of Israel,Israel,9.75,9.8,12.32,12.32,11.88,12.12,12.84,13.29,12.76,12.69,13.16,13.41,13.6,13.67,13.67,13.72,13.15,13.14,13.14,13.13,12.78,12.61,12.79,12.63,11.25,10.66,11.25,10.66,9.82,9.36,100,,126.1091054,102,33,30.6,4.006035322,71.45,98.04603,0.98982,99.05457,98.56286,88.67472,94.96339,91.75141,5.63281,,,4,3.344,7.1,2910.288637,59.09999847,40.79999924,3738337,,63.41261601,3.23,9.15513,94.91394,5.83669,85.75881,35.45917,79.92212,,44.46295,,44.46295,44.46295,,,,,11.33172,8.68793,6.28413
ITA,Italy,Italian Republic,Italy,8.66,8.72,9.63,9.35,11.92,12.17,12.29,12.57,9.54,9.21,11.97,12.34,11.32,11.55,11.32,11.55,10.6,10.6,10.6,10.59,9.16,8.75,9.11,8.69,6.77,6.07,6.77,6.07,4.69,4.03,100,,91.85098876,124,,64.8,4.320676729,61.96,99.93744,1.00007,99.93021,99.93372,98.97256,99.35115,99.15498,4.14054,,,3.5,3.764,7.3,3257.75341,43.09999847,47.20000076,25785202,,55.76291611,4.05,18.70729,94.38955,28.39826,75.68226,33.7432,47.284,0.78999,13.54081,,12.75082,12.75082,,,,,10.83621,11.75716,19.02737
JAM,Jamaica,Jamaica,Jamaica,8.95,9.08,9.87,10.11,12.03,12.11,12.14,12.26,9.67,9.96,11.15,11.56,10.94,11.38,10.12,10.5,9.8,10.16,9.26,9.66,8.45,8.76,7.4,7.64,6.75,6.95,6.32,6.46,5.91,6.02,92.63344,60.5,32.50030884,95,16.5,35.2,4.65090092,40.5,98.85739,1.04937,94.20597,96.50123,93.10007,84.04071,88.69002,5.98413,,1.6,15.7,0.411,5.9,266.1901164,55,,1306181,8.1,49.4974173,5.45,,,,,,,,,,,,,,,,19.36813,19.30821,22.81106
JOR,Jordan,Hashemite Kingdom of Jordan,Jordan,9.87,9.97,9.59,9.25,11.13,11.39,11.07,11.11,9.21,8.58,10.04,10.01,9.81,9.56,9.83,9.56,8.88,7.67,8.9,7.68,6.84,4.7,6.88,4.7,3.75,1.94,3.75,1.94,3.74,1.94,99.5,12.9,32.49915078,50,6.8,29.5,3.995273429,44,99.40742,1.00371,99.0397,99.22141,95.15623,98.1224,96.66592,4.94514,1.8,,17.9,2.558,7.3,358.9124715,37.20000076,22.39999962,1771679,5,65.62757736,9.14,11.03766,85.14888,32.75651,74.11122,14.24219,41.35471,10.93014,27.11253,,16.18239,16.18239,,,,,19.93281,11.86462,24.63368
JPN,Japan,Japan,Japan,10.95,10.95,11.6,11.45,12.69,12.98,13.38,13.73,11.52,11.34,13.37,13.73,13.01,13.25,12.98,13.16,12.75,12.82,12.75,12.81,11.21,11.12,11.22,11.12,9.73,9.49,9.81,9.56,8.44,8.2,100,,127.4960674,97.7,,51.3,5.400942233,90.58,,,,,,,,3.81849,,,2.7,2.297,23,3702.952775,56.90000153,47.70000076,65302348,,62.98493196,2.5,,86.44626,16.6617,,39.90775,69.78456,,,,29.87681,29.87681,,,,,12.96262,10.5074,7.12377
KAZ,Kazakhstan,Republic of Kazakhstan,Kazakhstan,10.2,10.18,11.33,11.25,11.68,11.63,11.42,11.62,11.42,11.33,11.87,12.06,11.8,11.87,11.82,11.92,11.82,11.91,11.75,11.79,11.74,11.77,11.49,11.37,11.48,11.36,9.37,8.99,8.04,6.85,100,,71.9984389,83,15,29.2,2.912248952,54.89,99.87111,1.00059,99.81252,99.84131,99.77568,99.80656,99.79017,2.88742,1.8,0.2,14.1,3.617,127,538.7827771,69.69999695,43.59999847,9284810,5,48.94889824,7.4,0.64206,99.98262,3.03233,99.34056,39.72752,96.30823,31.09679,56.58071,,25.48392,25.48392,,,,,,,12.97519
KEN,Kenya,Republic of Kenya,Kenya,4.48,4.63,6.14,5.91,7.63,7.38,7.71,7.21,6.19,5.84,7.65,6.84,7.62,6.7,7.62,6.7,5.95,4.45,5.95,4.45,1.76,1.8,1.76,1.8,1.7,0.77,1.7,0.77,1.7,0.77,23,56,10.19693071,110,22.1,37.1,4.150855252,43.4,86.59286,1.01629,85.20513,85.89783,74.89713,81.08379,77.96503,5.50822,7,5.3,49.4,0.198,266,77.69658603,61.20000076,,17500228,21.2,81.42813219,11.47,21.53035,50.09669,6.92217,28.56634,13.85918,21.64417,7.785,7.785,0,,0,,0,,,56.57381,32.30515,
KGZ,Kyrgyz Republic,Kyrgyz Republic,Kyrgyz Republic,8.61,8.65,10.71,10.7,11.36,11.5,11.5,11.64,11.08,11.01,11.36,11.44,11.38,11.47,11.38,11.47,11.43,11.45,11.43,11.45,11.19,11.04,11.2,11.04,9.22,8.7,9.22,8.7,6.87,6.42,100,,24.65135291,125,28,29,1.500406062,28.3,99.8047,1.00113,99.69212,99.7476,99.40559,99.64317,99.52097,6.7802,6.3,0.3,21.3,1.969,196,81.5662616,62.40000153,73.90000153,2727997,6,54.51602235,4.1,2.27927,97.97211,7.32265,95.69284,61.52118,88.37019,9.22636,26.84901,1.42006,17.62265,0.755,16.20259,15.41567,15.44759,0.03193,,,14.12427
KHM,Cambodia,Kingdom of Cambodia,Cambodia,5.67,5.66,4.72,3.96,6.3,5.76,5.32,4.48,4.1,3.16,4.68,3.92,4.46,3.51,4.46,3.51,3.33,2.58,3.33,2.58,3.52,2.51,3.52,2.51,2.47,1.23,2.47,1.23,1.29,0.37,31.1,55.1,10.70651108,179,9.5,21,3.705970262,9,91.86797,1.00837,91.10519,91.47734,70.53278,84.46536,77.18598,2.60388,11.7,0.6,28.7,0.169,668,61.28475128,82.19999695,20.5,8623857,14.2,55.80955703,10.61,20.09914,35.5817,9.22801,15.48256,4.21543,6.25455,2.03912,2.03912,,,,,,,,19.7956,25.33049,20.7494
KIR,Kiribati,Republic of Kiribati,Kiribati,,,,,,,,,,,,,,,,,,,,,,,,,,,,,,,59.32891,,14.33691756,97,,32.7,,12.25,,,,,,,,11.98812,,,55.9,0.376,749,154.1717478,,,,5,63.02888092,,,,,,,,,,,,,,,,,18.01061,19.008,
KNA,St. Kitts and Nevis,St. Kitts and Nevis,St. Kitts and Nevis,,,,,,,,,,,,,,,,,,,,,,,,,,,,,,,90.87544,,90.10401469,18,19.4,49.7,,65.4,,,,,,,,4.2253,,,10.5,1.167,9.2,770.5368532,,60,,,,8.78,,,,,,,,,,,,,,,,9.97917,6.14423,7.72549
KOR,"Korea, Rep.",Republic of Korea,"Korea, Rep.",12.46,12.47,12.05,11.45,13.93,14.16,14.7,14.87,11.89,11.15,14.57,14.55,14.02,13.87,13.5,13.21,12.75,12.24,11.63,10.94,10.55,9.73,9.49,8.4,8.13,6.72,6.55,5.03,4.96,3.58,100,,290.6606232,18,17.6,33.2,5.234806204,84.33,,,,,,,,4.61823,,,3.4,2.143,101,2060.248497,58.79999924,42,26356229,5,36.96564974,7.36,11.40336,94.30453,10.17638,82.90117,37.4038,72.7248,,,10.96325,35.32099,20.8145,24.35774,2.9644,3.54324,0.57884,16.78315,14.63593,14.66233
KSV,Kosovo,Republic of Kosovo,Kosovo,,,,,,,,,,,,,,,,,,,,,,,,,,,,,,,100,,37.63545954,46,32.5,15.2,,,,,,,,,,,,,,,,,,57.29999924,,,51.88038185,,,,,,,,,,,,,,,,,,,
KWT,Kuwait,State of Kuwait,Kuwait,5.67,5.8,6.34,6.85,7.42,7.91,6.33,7.43,6.26,6.81,6.05,7.15,6.25,6.9,6.25,6.9,6.7,6.96,6.7,6.96,6.7,5.64,6.7,5.64,3.7,1.98,3.7,1.98,3.7,1.98,97.69783,,58.50080618,64,,13,3.976525742,78.7,99.48653,0.99902,99.58376,99.53942,94.97915,96.86593,96.15905,3.76001,,,8.6,2.7,27,1385.776935,66.5,20.70000076,1992954,5,32.32099693,4.63,6.91949,57.74994,22.49374,50.83045,14.56506,28.33671,,13.77165,5.05985,,8.31939,8.7118,,0.3924,,8.07498,6.76887,17.02818
LAO,Lao PDR,Lao People's Democratic Republic,Lao PDR,5.48,5.57,5.02,4.54,6.06,6.08,5.48,5.14,4.57,3.83,5.02,4.57,4.64,4.14,5.12,4.45,4.85,3.92,4.23,3.01,3.59,2.22,2.94,1.63,2.21,1,2.05,0.76,1.37,0.37,70,31.4,17.41098236,134,11.6,25.3,2.178439316,14.26,87.28197,0.93752,93.0992,90.23267,72.81038,87.14399,79.8604,4.17047,,0.3,66.7,0.182,464,32.56967352,76.69999695,,3377525,18.5,63.59956711,8.17,,,,,,,,,,,,,,,,17.99223,18.87236,13.39215
LBN,Lebanon,Lebanese Republic,Lebanon,,,,,,,,,,,,,,,,,,,,,,,,,,,,,,,100,53.1,44.33682606,75,13.1,30.3,3.855434406,74.7,99.30537,1.00462,98.84891,99.08507,91.84732,95.97195,93.94225,2.57268,,0.1,8.3,3.2,21,568.7148319,44.70000076,18.20000076,1650523,5,47.46979589,3.95,24.09121,78.24135,21.30516,54.15014,17.52126,32.84498,,,,15.32372,15.32372,,,,,7.75931,8.86643,4.98637
LBR,Liberia,Republic of Liberia,Liberia,3.97,3.75,4.2,3.05,4.85,4.08,4.73,3.62,4.09,2.56,4.57,3.23,4.38,2.82,4.59,2.58,4.4,2.09,3.99,1.67,3.44,1.21,2.29,0.77,1.83,0.62,1.44,0.55,0.97,0.46,9.8,65.7,1.78355279,465,2.4,47.8,3.599999905,5.41,43.96714,0.67997,64.66008,54.47145,32.81482,62.42057,47.60013,2.82069,7.4,1.2,69.9,0.014,510,46.27042196,59.29999924,,1554233,31.9,83.93230002,10.15,,,,,,,,,,,,,,,,13.75804,17.2592,21.63856
LBY,Libya,Socialist People's Libyan Arab Jamahiriya,Libya,9.41,10.91,8,8.86,10.48,13.1,10.06,12.55,7.31,7.73,9.19,10.96,8.31,8.43,7.7,7.35,6.22,5.34,5.29,3.86,5.29,3.85,3.01,1.66,3.01,1.66,1.63,0.58,1.26,0.37,100,35.2,3.961501695,118,,32.8,2.6,17.76,99.93486,0.99968,99.96664,99.95062,85.5894,96.71985,91.02328,2.26417,,,13.4,1.9,73,371.7218704,42.59999847,,2324217,,51.81501757,0,,,,,,,,,,,,,,,,,4.77599,23.87041
LCA,St. Lucia,St. Lucia,St. Lucia,,,,,,,,,,,,,,,,,,,,,,,,,,,,,,,90.87544,11.9,45.59736105,19,0.6,34.7,,51,,,,,,,,4.83666,,,14.3,0.108,11,499.5702282,,23.79999924,97306,,47.98146656,6.86,47.58328,92.83188,5.38629,45.24859,24.62898,39.86231,5.13404,15.23333,,10.09929,10.09929,,,,,12.67442,12.89713,9.96479
LIE,Liechtenstein,Principality of Liechtenstein,Liechtenstein,,,,,,,,,,,,,,,,,,,,,,,,,,,,,,,100,,,,,,,95.21,,,,,,,,2.55604,,,,,,,,,,,,,,,,,,,,,,,,,,,,5.35802,28.7037,8.27586
LKA,Sri Lanka,Democratic Socialist Republic of Sri Lanka,Sri Lanka,10.82,11.07,10.06,9.98,11.98,12.19,12.01,12.3,9.76,9.6,11.65,11.76,10.79,10.85,10.27,10.32,9.7,9.56,9.7,9.57,9.24,8.84,8.12,7.75,6.61,5.93,6.61,5.93,6.57,5.89,88.66256,24.8,17.05897531,100,9.1,55.2,4.275085791,25.8,99.16607,1.00815,98.36408,98.76304,91.71302,93.62846,92.63448,1.72398,,0.1,9.8,0.68,99,127.3317445,52.40000153,16,8576325,22,50.81987389,6.68,20.57251,,44.38174,74.02557,,29.64383,15.5356,,,14.10822,14.10822,,,,,16.50786,18.16489,45.2221
LSO,Lesotho,Kingdom of Lesotho,Lesotho,5.5,6.24,5.85,6.56,6.84,7.69,6.77,7.72,5.63,6.31,6.44,7.46,6.07,6.95,6.07,6.95,5.7,6.36,5.7,6.36,4.36,4.84,4.36,4.84,3.55,3.91,3.55,3.91,3.16,3.35,20.56256,50.8,11.24100719,114,24.7,13.6,2.706375655,11,93.40407,1.21328,76.98445,85.08986,88.2875,70.06678,79.36094,12.98201,6.3,23.4,90.2,0.049,671,105.1127528,48.90000153,,889178,11.2,68.04034185,8.08,20.05606,40.92803,7.06205,20.87197,8.45943,13.80993,3.46295,5.3505,,1.88756,1.88756,,,,,,,29.28483
LTU,Lithuania,Republic of Lithuania,Lithuania,7.96,7.95,10.89,10.85,11.9,12.11,11.43,11.88,11.05,10.97,11.19,11.54,13.01,13.29,13.01,13.28,11.93,12.13,11.39,11.6,11.02,11.07,11.02,11.08,9.31,9.12,9.31,9.12,6.61,6.32,100,,51.69088142,95,18,42.6,4.854908751,72.13,99.91949,1.00021,99.89894,99.90899,99.83937,99.79613,99.81988,17.69513,,,5.2,4.116,83,1063.421183,54.29999924,55,1537729,,49.38419843,4.05,6.45041,98.73986,9.97937,92.28946,32.71897,82.31009,19.70719,49.59112,3.49866,29.88393,25.94252,26.38527,,0.44275,0.44275,7.81534,8.81443,11.71386
LUX,Luxembourg,Grand Duchy of Luxembourg,Luxembourg,8.02,8.14,10.99,10.46,11.41,11.21,13.05,12.93,11.22,10.6,12.71,12.84,12.13,11.83,12.13,11.83,11.03,10.49,10.88,10.35,10.61,9.78,10.48,9.66,9.56,8.59,9.56,8.48,9.12,7.87,100,,106.2910879,56,,20.1,4.682100181,94.67,,,,,,,,3.60224,,,1.9,2.9,8,8137.520806,53.90000153,34.70000076,266117,,44.12472571,4.05,,,21.702,,,78.298,39.36985,,,38.92815,38.92815,,,,,10.00701,6.57126,3.75849
LVA,Latvia,Republic of Latvia,Latvia,9.56,9.63,10.65,10.61,12.88,12.79,12.05,12.68,10.48,10.47,9.41,9.56,11.75,11.93,11.83,12.04,11.1,11.25,10.29,10.44,10.21,10.3,10.08,10.1,9.68,9.7,9.45,9.41,8.44,8.3,100,,63.20170456,107,19.6,35.9,5.18019421,75.83,99.86562,1.00073,99.79256,99.82828,99.90674,99.87244,99.89138,3.20394,,,7.9,3.579,57,920.7037654,54.79999924,58.40000153,1036589,,51.26043917,4.05,0.67661,99.65401,12.11748,98.9774,49.09273,86.85991,8.52683,37.76718,1.54544,29.24035,27.2259,27.69491,,,0.46901,7.37622,9.25113,14.22373
MAC,"Macao SAR, China",Macao Special Administrative Region of the People's Republic of China,"Macao SAR, China",9.4,9.68,8.54,8.48,11.48,11.87,10.25,10.53,8.09,7.95,9.96,10.01,9.23,9.13,8.39,8.2,7.7,7.48,7,6.67,6.43,6.03,6.04,5.54,5.96,5.4,4.96,4.19,4.96,4.19,90.54264,,224.9834834,,,,,69.78,99.64539,0.99979,99.66619,99.65595,94.59891,98.01559,96.2276,2.05939,,,,1.56190002,105,,70.5,28.39999962,360841,,27.10820982,0,19.08539,87.59429,23.63395,68.50891,25.28735,44.87496,2.22324,19.58761,17.36436,17.36436,,,,,,12.67407,11.80369,13.33981
MAF,St. Martin (French part),St. Martin (French part),St. Martin (French part),,,,,,,,,,,,,,,,,,,,,,,,,,,,,,,90.87544,,,,,,,,,,,,,,,,,,,,,,,,,,,,,,,,,,,,,,,,,,,,,
MAR,Morocco,Kingdom of Morocco,Morocco,6.79,6.9,4.96,4.13,6.96,6.5,5.75,4.9,4.24,3.23,5.64,4.55,5.44,4.34,4.67,3.64,3.86,2.76,3.09,2.04,2.4,1.62,2.22,1.31,1.06,0.55,1.14,0.6,0.54,0.23,100,13.1,25.82532288,57,18.2,49.1,4.777542232,56.8,93.50758,0.968,96.59858,95.09859,62.49687,82.71599,72.37732,5.3758,23.6,0.1,27.6,0.62,137,190.0539696,45.5,11.60000038,12498273,5,50.1649476,9.1,,,,,,,,,,,,,,,,19.92836,17.8864,21.38427
MCO,Monaco,Principality of Monaco,Monaco,,,,,,,,,,,,,,,,,,,,,,,,,,,,,,,100,,,,,,,92.4,,,,,,,,1.33332,,,3.5,7.167,2.8,8148.808358,,,,,,,,,,,,,,,,,,,,,,15.04545,7.92771,
MDA,Moldova,Republic of Moldova,Moldova,8.25,8.36,10.4,10.36,10.72,10.99,11.28,11.48,10.66,10.53,11.02,11.13,11.21,11.33,11.21,11.33,11.24,11.28,11.24,11.28,10.96,10.82,10.96,10.82,9.11,8.63,9.11,8.63,6,5.63,100,,36.49779982,113,18.7,40.2,2.187036319,46.6,100,1,100,100,99.05777,99.71201,99.3626,7.50124,4.2,0.6,15.8,2.984,229,228.8466711,39.90000153,56.20000076,1236917,,34.55151412,3.94,3.62607,99.12035,21.38652,95.49428,41.02725,74.10776,0,33.08051,14.04402,33.08051,18.46771,19.03649,0.50504,0.56878,0.06374,9.48504,9.15378,16.67084
MDG,Madagascar,Republic of Madagascar,Madagascar,,,,,,,,,,,,,,,,,,,,,,,,,,,,,,,15.4,77.2,2.049520965,450,15.4,38.1,3.198111414,3.7,64.7817,0.99118,65.35806,65.06927,62.61379,66.74227,64.6563,2.07999,7.2,0.3,49.6,0.161,406,13.67082999,85.19999695,33.29999924,12077140,33,81.35908019,11.08,,,,,,,,,,,,,,,,24.57789,19.26137,19.06423
MDV,Maldives,Republic of Maldives,Maldives,9.08,9.3,6.02,5.87,9.32,9.32,8.62,8.72,4.38,4.07,6.76,6.33,4.18,3.76,3.39,2.94,2.06,1.67,1.71,1.37,1.39,1.09,1.25,1,1,0.77,0.68,0.62,0.36,0.29,100,,31.00072732,91,,30.2,,49.28,99.51443,0.99514,100,99.76282,98.83727,99.77858,99.30682,5.16456,6.3,,8.6,1.415,56,1165.12515,59.40000153,,195149,5.2,47.72735645,20.6,21.68946,36.62822,10.01308,14.93876,1.0132,4.92567,2.27375,3.91247,,1.63872,1.63872,,,,,5.79197,8.37785,1.87179
MEX,Mexico,United Mexican States,Mexico,9.68,9.81,8.79,8.64,10.48,10.6,10.14,10.18,8.33,8.09,9.55,9.51,9.19,9.06,9.19,9.06,8.16,7.75,8.16,7.75,6.41,5.91,6.55,5.97,4.54,4.15,4.54,4.15,3.25,3.07,99.1,11.1,48.99324553,78.9,24,51.7,4.306431712,44.39,98.81114,1.00143,98.66958,98.73985,93.32221,95.57104,94.38968,5.1462,,0.2,13.2,2.095,27,677.1899867,58.59999847,45,55561477,5,52.37575045,7.56,21.53594,78.063,24.91464,56.52706,16.8438,31.61242,,,0.45395,14.76862,13.03255,14.31468,1.19708,1.28212,0.08504,19.00555,15.84233,9.236
MHL,Marshall Islands,Republic of the Marshall Islands,Marshall Islands,,,,,,,,,,,,,,,,,,,,,,,,,,,,,,,59.32891,,5.923552012,67,,64.8,,16.8,,,,,,,,12.24,,,36,0.438,466,625.2021795,,,,,,,,,,,,,,,,,,,,,,14.42077,12.47541,19.55882
MKD,"Macedonia, FYR",Former Yugoslav Republic of Macedonia,"Macedonia, FYR",,,,,,,,,,,,,,,,,,,,,,,,,,,,,,,100,,54.50142562,97,34.8,12.9,3.595376561,68.06,98.48285,0.99741,98.73897,98.61454,96.83638,98.82537,97.82632,3.30015,5.2,,5.5,2.627,20,353.9253425,39.90000153,54.70000076,952721,,41.18101983,6.4,30.80373,78.60064,,47.79691,35.56631,,0,12.2306,,12.2306,12.2306,,,,,8.93168,12.68329,17.69155
MLI,Mali,Republic of Mali,Mali,3.14,3.44,1.97,2.09,2.57,2.65,2.01,1.97,1.5,1.62,1.56,1.55,1.6,1.74,1.6,1.72,1.59,1.66,1.53,1.62,0.94,1.31,0.94,1.3,0.68,0.97,0.67,0.95,0.51,0.73,25.6,56.3,4.26123852,120,24.8,48.3,2.494941214,7,46.35722,0.75422,61.46402,54.07833,29.22452,48.20616,38.70194,4.33446,26.3,1.4,114.7,0.083,91,47.76513899,60.70000076,,5924862,5,100.3874277,11.87,5.3797,16.31406,2.97036,10.93436,4.7405,7.964,,,,3.22351,3.22351,,,,,29.54108,10.83247,52.41272
MLT,Malta,Republic of Malta,Malta,10.27,10.37,10.52,10.17,12.74,13.12,12.92,13.25,10.33,9.89,12.47,12.52,12.27,12.19,12.29,12.2,11.13,10.86,9.45,8.98,8.5,7.91,8.77,8.28,8.08,7.44,7.56,6.78,6.24,5.31,100,,56.28187087,121,,41.3,5.232202516,73.17,99.50145,1.00665,98.84367,99.16156,95.74731,92.51207,94.1388,6.75966,,,6.4,3.486,15,2470.59851,48.79999924,30.70000076,189081,,50.20367422,4.05,22.79572,98.43511,41.15889,75.63939,11.04359,34.4805,7.29987,23.43691,3.04898,16.13704,8.85195,13.08807,3.96709,4.23611,0.26903,6.91793,8.65706,8.08074
MMR,Myanmar,Republic of the Union of Myanmar,Myanmar,6.77,7.18,4.85,5.04,7.15,7.41,6.36,6.85,4.09,4.25,5.21,5.81,4.47,4.99,3.57,3.78,3.4,3.55,3.37,3,2.84,2.93,2.83,1.98,1.84,1.96,1.91,1.17,1.05,1.06,52.36256,41,1.556402344,77,1.7,31.4,2.62268482,2.1,96.30534,0.9997,96.33384,96.31958,91.18001,95.16728,93.09415,1.20248,,0.7,50,0.612,457,20.28780579,76,,30217049,14.2,49.9231617,5.2,,,,,,,,,,,,,,,,35.72074,22.73771,25.2772
MNE,Montenegro,Montenegro,Montenegro,,,,,,,,,,,,,,,,,,,,,,,,,,,,,,,100,,70.82106452,142,13.8,21.6,4.176017837,61,99.00954,0.99723,99.2847,99.1518,98.04422,99.45369,98.73229,,1.8,,4.7,2.113,29,457.6649363,40.40000153,53.79999924,251741,,47.51648206,4.02,8.04404,97.26017,16.82944,89.21613,52.86086,72.38669,,,,19.52583,19.52583,,,,,,12.29648,
MNG,Mongolia,Mongolia,Mongolia,8.04,8.29,9.2,9.49,9.92,10.46,9.78,10.49,9.28,9.53,9.55,10.21,9.91,10.34,9.74,10.06,9.46,9.76,9.1,9.27,8.7,8.62,8.53,8.14,7.54,6.79,6.29,5.38,4.81,3.92,89.76256,42.7,58.77598649,79,15.9,24.4,1.388599312,27,98.97987,1.00948,98.05015,98.50986,98.57951,98.18123,98.38402,4.60903,3.3,,22.4,2.837,227,195.3334787,60.29999924,24.29999924,1328054,20.5,46.80481057,4.95,10.78155,95.49479,17.14018,84.71324,32.04741,67.57306,11.81234,35.52566,0,23.71332,21.22928,23.71332,2.21998,2.48403,0.26406,21.08535,19.4939,19.71697
MNP,Northern Mariana Islands,Commonwealth of the Northern Mariana Islands,Northern Mariana Islands,,,,,,,,,,,,,,,,,,,,,,,,,,,,,,,,,,,,,,0,,,,,,,,,,,,0.445,78,,,,,,,,,,,,,,,,,,,,,,,,,
MOZ,Mozambique,Republic of Mozambique,Mozambique,3.76,3.31,1.93,1.43,2.26,1.7,1.66,1.13,1.24,0.79,1.79,1.28,1.19,0.93,1.2,0.75,1.18,0.72,0.93,0.4,0.91,0.39,0.49,0.17,0.48,0.17,0.34,0.1,0.23,0.07,20.2,80.3,9.106682123,91,18.7,36.1,3.602159638,5.94,69.726,0.83339,83.66577,76.67124,45.37104,73.2586,58.77289,6.71555,6.4,10.6,78.5,0.04,554,41.99657338,65.09999847,,12471084,25.3,95.51342334,9.64,,,,,,,,,,,,,,,,33.89333,23.91423,15.22838
MRT,Mauritania,Islamic Republic of Mauritania,Mauritania,6.21,6.44,4.53,3.81,6.02,5.88,5.12,3.83,3.77,2.72,4.5,3.13,4.01,2.87,4.07,3.15,3.11,2.23,2.75,1.95,2.11,1.48,2.1,1.46,1.77,1.36,1.79,1.37,1.7,1.38,21.76256,79.9,7.725474229,70,16.2,71.3,2.702978218,10.7,54.98353,0.78499,70.04367,62.62887,41.5727,62.60089,52.102,3.27544,,0.7,84.7,0.068366504,182,48.83750877,37.29999924,,1280621,5.6,76.84119319,12.15,,,,,,,,,,,,,,,,56.59395,24.38188,42.95313
MUS,Mauritius,Republic of Mauritius,Mauritius,11.85,12.06,8.86,8.47,11.32,11.64,10.5,10.68,8.19,7.65,9.8,9.98,9.4,9.39,9,8.8,8.66,8.33,7.94,7.24,7.01,5.9,6.18,4.84,4.3,3.21,4.3,3.21,4.29,3.25,100,,44.75015557,81,11.1,22.4,4.748386113,41.44,99.08506,1.00735,98.36182,98.72085,88.48187,92.85323,90.62253,4.98984,,0.9,13.5,1.057,35,482.4541727,54.09999847,39.79999924,592300,5,40.79566492,0.98,12.58041,66.15018,10.52814,53.56977,30.54245,43.04164,7.28914,12.49919,,5.21005,5.21005,,,,,,,30.38818
MWI,Malawi,Republic of Malawi,Malawi,4.55,4.99,4.81,4.36,6.76,6.8,7.09,6.67,4.29,3.43,4.42,3.81,4.26,3.35,4.03,2.99,3.74,2.56,3.74,2.56,2.1,1.31,2.1,1.31,1.59,0.89,1.62,0.9,1.12,0.61,9.8,66.7,4.852664356,127,18.8,34.5,2.203982791,5.83,75.20395,1.00374,74.92393,75.06294,58.63522,72.98876,65.79427,6.87791,4.5,10,64,0.019,334,24.39483667,76.80000305,,7571373,20.7,95.22118184,11.49,11.2273,19.7998,3.36006,8.5725,4.72444,5.21244,0,0.488,,0.488,0.488,,,,,,,13.60424
MYS,Malaysia,Malaysia,Malaysia,11.96,12.07,10.44,10.21,12.88,13.1,12.37,12.62,9.75,9.38,11.62,11.79,10.78,10.7,10.8,10.7,9.26,8.67,9.26,8.67,7.2,6.22,7.2,6.22,4.63,3.23,4.63,3.23,2.34,1.4,100,,51.90798746,32,54.1,40,5.565850905,67.5,98.49639,1.00163,98.33574,98.41822,93.21115,96.18283,94.6446,6.29209,,0.5,7,1.198,135,455.8255255,58.40000153,43.59999847,13300027,5,45.02130805,8.32,23.00215,91.21787,17.31331,68.21572,34.53287,50.90241,,16.36954,,,16.36954,,,,,17.17389,17.62781,16.17493
NAM,Namibia,Republic of Namibia,Namibia,5.27,5.88,6.17,6.44,7.18,7.72,7.03,7.64,6.22,6.32,6.96,7.36,7.18,7.43,6.8,6.91,6.09,6.07,6.09,6.07,4.75,4.51,4.75,4.51,3.67,3.46,3.77,3.55,2.72,2.47,47.26256,33.2,53.68179177,37,8.3,21.3,5.178322257,14.84,93.34382,1.0797,86.45379,89.90731,84.47801,79.16461,81.94129,8.3505,10,16,45.4,0.374,627,499.0156838,48.40000153,23.39999962,901859,42.3,67.84551991,8.08,20.87053,48.52334,10.63163,27.65281,11.70222,17.02118,3.09057,5.31896,,2.2284,2.2284,,,,,24.6368,20.86442,16.36794
NCL,New Caledonia,New Caledonia,New Caledonia,,,,,,,,,,,,,,,,,,,,,,,,,,,,,,,59.32891,,,,,,,70,99.8135,1.00242,99.5721,99.69001,96.53383,97.3392,96.938,,,,,1.982,19,,,17.60000038,116973,,48.08793974,,,,,,,,,,,,,,,,,,,
NER,Niger,Republic of Niger,Niger,2.9,2.4,1.88,1.3,2.22,1.71,1.87,1.22,1.45,0.83,1.92,1.2,1.81,1.08,1.51,0.85,1.17,0.59,0.84,0.38,0.58,0.24,0.45,0.12,0.44,0.12,0.46,0.09,0.47,0.1,14.4,70.1,1.292284533,115,4.6,48.2,,1.95,17.14885,0.47069,36.43357,26.56006,11.04017,27.29162,19.12979,6.77798,34.6,0.5,95.5,0.019,155,24.39611462,61.40000153,0.5,6132741,9.5,112.6829095,11.87,,,,,,,,,,,,,,,,32.74575,20.12336,12.33088
NGA,Nigeria,Federal Republic of Nigeria,Nigeria,,,,,,,,,,,,,,,,,,,,,,,,,,,,,,,55.6,50.2,16.05420375,181.2,7.1,33.3,2.978668371,42.68,65.32475,0.81771,79.88781,72.79003,49.68007,69.18875,59.56797,,14.2,3.2,108.8,0.395,330,117.520545,52,40.20000076,55784248,7,88.04448868,11.76,,,,,,,,,,,,,,,,31.13083,35.86087,34.82639
NIC,Nicaragua,Republic of Nicaragua,Nicaragua,7.26,7.76,6.61,6.85,8.35,8.71,7.14,7.66,6,6.17,6.55,6.96,6.47,6.88,6.41,6.65,6.16,6.08,5.46,5.25,4.74,4.48,3.74,3.5,3.14,2.95,2.81,2.63,2.3,2.19,77.9,45.5,11.37917247,55,15.5,63.9,2.838179278,17.6,93.60632,1.0441,89.65285,91.62024,83.24698,82.36471,82.81734,4.49311,4.5,0.3,22.1,0.897,74,177.4628952,60.29999924,34.79999924,2657353,16.6,55.00015464,4.86,,,,,,,,,,,,,,,,29.33434,34.71449,15.32962
NLD,Netherlands,Kingdom of the Netherlands,Netherlands,9.06,9.15,11.39,11.16,11.67,11.92,12.62,12.84,11.6,11.29,12.77,12.97,12.27,12.26,12.28,12.26,11.86,11.67,11.86,11.66,11.25,10.74,11.26,10.75,10.41,9.67,10.41,9.67,9.64,9.05,100,,50.57684678,110,,41,6.766418773,93.17,,,,,,,,5.51428,,,3.8,2.859,7.2,5693.859921,59.70000076,42.40000153,9019299,,52.45413067,4.05,8.89078,96.64676,19.51365,87.75597,38.51536,68.24232,0.40102,29.72696,2.61092,29.32594,16.83447,26.71502,9.32594,9.88055,0.55461,13.55298,14.76096,13.35461
NOR,Norway,Kingdom of Norway,Norway,10.05,10.17,11.59,11.68,10.71,10.88,10.89,11.19,11.8,11.87,11.05,11.44,11.68,12.03,11.68,12.03,12.64,12.86,12.64,12.86,12.94,12.87,12.06,12,11.72,11.5,11.72,11.5,11.06,10.83,100,,48.6231152,66,,39.5,5.532298957,96.3,,,,,,,,7.37183,,0.2,2.6,4.281,10,9522.221658,62.59999847,41.09999847,2726992,,51.7683757,0.65,0.39087,97.45048,23.00502,97.05961,39.74621,74.05459,2.89652,34.30838,,31.41186,31.41186,,,,,8.53176,7.30524,10.45972
NPL,Nepal,Nepal,Nepal,6.24,6.48,4.23,3.5,5.96,6.06,5.1,4.6,3.31,2.25,4.29,3.48,3.39,2.26,3.57,2.11,2.71,1.27,2.35,0.99,1.89,0.69,1.59,0.5,1.21,0.32,0.81,0.23,0.59,0.17,76.3,54.3,8.875449877,70,8.2,29.5,1.561029429,15.44,87.38654,0.94382,92.58803,89.87864,55.10587,75.57612,64.66379,4.72197,0.1,0.2,35.8,0.209,215,39.86817954,81,10,15584793,7.8,63.67516653,12.21,,,,,,,,,,,,,,,,35.05985,22.79732,60.00969
NZL,New Zealand,New Zealand,New Zealand,10.67,10.87,10.98,11.37,8.4,8.83,11.2,12.18,11.3,11.69,12.4,12.95,11.5,11.72,12.66,13.08,12.12,12.58,12.13,12.59,11.35,11.63,8.53,8.81,9.86,10.09,9.95,10.17,9.79,9.82,100,,70.73822573,58,,34.3,5.466629383,85.5,,,,,,,,7.25271,,,5.7,2.735,9.4,4896.348025,63.90000153,41.20000076,2433510,,53.22273379,2.43,,,29.53215,,20.59376,65.62267,10.27205,45.02891,,34.75685,34.75685,,,,,14.8457,13.92247,17.15687
OMN,Oman,Sultanate of Oman,Oman,,,,,,,,,,,,,,,,,,,,,,,,,,,,,,,97.69783,60.5,,62,,22.9,4.858365007,70.22,99.11677,0.99986,99.13076,99.12613,89.96846,96.87778,94.75601,4.18775,,0.2,11.6,2.429,12,675.0433935,61.5,25,2215647,5,30.95991772,4.63,12.39204,66.26222,12.47044,53.87018,21.49248,41.39974,5.89814,19.90726,,14.00912,14.00912,,,,,15.73699,20.17841,11.86011
PAK,Pakistan,Islamic Republic of Pakistan,Pakistan,6.42,5.82,5.02,3.76,6.27,5.58,5.98,4.58,4.45,2.85,5.39,3.83,4.47,2.7,4.47,2.7,3.68,1.88,3.68,1.89,2.89,1.25,2.89,1.25,2.08,0.82,2.08,0.82,1.97,0.64,93.6,45.5,7.325158128,178.3,35.8,32.6,4.079903429,13.8,69.32962,0.85108,81.46049,75.59136,45.28951,71.50185,58.68314,2.45459,18.4,0.1,81.1,0.827,341,36.15485065,51.70000076,11.60000038,65361409,22,65.78209727,14.07,12.71452,47.68988,9.32585,34.97536,18.10787,25.64951,,,,7.54164,5.90785,,1.17146,1.6338,0.46233,17.70858,21.67129,22.04657
PAN,Panama,Republic of Panama,Panama,8.76,9.02,9.27,9.51,10.66,10.97,10.66,11.03,9.15,9.37,10.39,10.77,9.96,10.28,9.96,10.28,9.49,9.65,9.49,9.65,7.86,7.91,7.86,7.91,6.25,6.28,6.25,6.28,4.98,5.12,90.87544,25.8,60.8394214,35,22.5,37.2,6.252390009,44.92,97.99663,0.99737,98.25523,98.12843,94.42599,95.66445,95.04833,3.29343,,0.6,17,1.65,59,958.9817662,62.59999847,44.09999847,1837203,9.5,53.65574194,5.44,21.01712,82.15266,18.37954,61.13554,20.14724,42.756,1.37307,22.60876,5.23694,21.23569,13.64034,15.99875,2.10311,2.35841,0.25529,16.62432,13.98376,10.87669
PER,Peru,Republic of Peru,Peru,8.94,8.92,8.88,8.41,10.23,10.21,10.38,10.1,8.68,8.04,9.9,9.54,9.29,8.84,9.29,8.84,8.75,8.02,8.76,8.03,7.26,6.25,6.49,5.57,5.45,4.44,5.45,4.44,4.1,3.3,91.2,34.2,55.48117828,67,14.2,35.9,3.646103884,40.2,98.98813,1.00103,98.88648,98.93653,91.70409,97.27897,94.47953,3.657,1.1,0.4,16.9,1.132,158,358.5769444,73.09999847,19.5,16973529,7.5,53.50022502,3.56,18.26775,80.13284,6.08323,61.86509,34.45305,55.78185,,,21.32881,21.32881,,,,,,21.62195,21.64383,14.80908
PHL,Philippines,Republic of the Philippines,Philippines,8.76,9.21,8.43,8.72,9.47,10,9.44,9.82,8.18,8.37,8.94,9.24,8.51,8.81,8.49,8.77,7.99,8.09,7.96,8.04,7.16,7.14,6.3,6.24,5.06,4.95,5.06,4.95,4.39,4.25,87.5,38.3,23.6813305,42,15.7,42.9,3.22093564,39.69,98.93756,1.02022,96.97661,97.93661,96.79032,95.77811,96.2892,2.65295,1.8,0.1,28,1.153,417,135.2022258,60.59999847,73.30000305,43807158,13.5,58.02809258,5.97,15.23762,81.79472,10.74767,66.5571,24.66186,55.80943,4.40807,31.14757,10.31336,26.7395,15.89424,16.42614,0.5319,0.5319,,38.96365,25.22192,21.27349
PLW,Palau,Republic of Palau,Palau,,,,,,,,,,,,,,,,,,,,,,,,,,,,,,,59.32891,,41.6103248,125,,75.4,,26.97033263,99.82955,1.00034,99.79519,99.81147,99.5527,99.49818,99.52397,7.47689,,,16.4,1.381,45,1150.302172,,,,,,3.05,,,,,,,,,,,,,,,,7.90909,14.34848,8.21905
PNG,Papua New Guinea,The Independent State of Papua New Guinea,Papua New Guinea,4.41,4.32,4.26,3.63,5.47,5.09,5.2,4.8,3.95,3.15,4.29,4.01,4.21,3.71,4.73,2.93,4.19,2.44,3.63,2.63,2.42,1.64,2.29,1.54,0.95,0.56,1,0.54,0.42,0.17,18.10671,,8.174924883,66,,39.3,,9.38,78.78934,1.18837,66.30019,72.35409,62.81111,65.62915,64.23469,7.38971,,0.7,57.3,0.058,529,92.35819164,70.40000153,,3365826,,68.07393781,3.16,,,,,,,,,,,,,,,,,,9.31865
POL,Poland,Republic of Poland,Poland,8.05,8.17,11.32,11.24,12.12,12.34,13.13,13.54,11.42,11.3,12.95,13.24,12.47,12.66,12.48,12.66,11.96,12.01,10.96,11.01,10.61,10.56,10.61,10.56,9.72,9.42,9.72,9.42,8.38,7.93,100,,63.58095676,133,33,40.3,4.021324783,66.6,99.99998,1,99.99998,99.99998,99.67723,99.91659,99.79141,4.86121,,0.1,5.2,2.219,26,910.2837803,51.29999924,62.40000153,18280161,,42.65661939,4.05,15.67787,98.82022,0.29372,83.14235,56.8514,82.84863,3.19816,25.99724,0.16757,22.79908,4.71383,22.63151,17.38371,17.91768,0.53397,9.06589,9.91525,18.50407
PRI,Puerto Rico,Puerto Rico,Puerto Rico,,,,,,,,,,,,,,,,,,,,,,,,,,,,,,,90.87544,,,32,,65.8,5.4,78.78,99.06292,1.00002,99.06066,99.06177,93.8263,92.78229,93.33323,6.38242,,,,1.75,1.6,,36.70000076,,1230321,,50.08031867,,8.83557,88.83968,10.07197,80.00411,38.72572,69.93214,,,8.67248,31.20643,16.49754,22.53394,5.29225,6.0364,0.74415,11.68832,14.5868,15.52783
PRK,"Korea, Dem. Peoples Rep.",Democratic People's Republic of Korea,"Korea, Dem. Rep.",,,,,,,,,,,,,,,,,,,,,,,,,,,,,,,29.56256,68.5,,,,,,0,99.99992,1,99.99974,99.99983,99.99903,99.99947,99.99924,,,,24.9,3.291,552,,74.69999695,,15335855,41.6,44.9135612,,,,,,,,,,,,,,,,,,,8.58659
PRT,Portugal,Portuguese Republic,Portugal,8.76,9,7.52,7.42,10.56,10.76,10.75,11.31,7.2,7.08,10.03,10.7,8.56,8.94,8.57,8.94,8.48,8.75,8.49,8.75,7.27,7.03,5.35,5.08,3.61,3.07,3.6,3.07,2.48,2.03,100,,177.6906379,52,12.7,41,5.304742397,64.59,99.63047,1.00083,99.54785,99.58836,94.38457,97.08137,95.67814,5.12129,,,3.6,4.1,29,2096.823176,51.70000076,24.70000076,5379280,,52.90280594,4.05,40.84873,88.80422,17.45906,47.95549,14.77963,30.49643,0.33186,15.7168,,15.38494,15.38494,,,,,10.43564,9.18652,10.45601
PRY,Paraguay,Republic of Paraguay,Paraguay,7.7,7.93,7.57,7.53,9.34,9.5,9.11,9.13,7.24,7.11,8.43,8.18,7.93,8,7.95,8.03,6.77,6.58,6.77,6.59,5.81,5.68,5.81,5.68,5.07,5.04,5.08,5.05,3.95,3.63,98.2,17.6,23.33701913,67,15,35,3.067801673,43,99.47753,1.00888,98.60174,99.03345,95.00882,96.11362,95.56244,4.96304,,0.4,20.5,1.227,55,464.0923634,67.19999695,25.10000038,3202754,10.4,57.30387304,10.56,28.20173,66.97783,10.17235,38.7761,18.1864,28.60375,,,,10.41735,10.41735,,,,,19.10035,17.61386,
PYF,French Polynesia,French Polynesia,French Polynesia,,,,,,,,,,,,,,,,,,,,,,,,,,,,,,,59.32891,,,,,,,60.68,,,,,,,,,,,,1.697,28,,,36,121038,,42.46483965,9.85,,,,,,,,,,,,,,,,,,
QAT,Qatar,State of Qatar,Qatar,9.12,9.48,8.43,9.55,8.2,9.88,8.2,9.99,8.45,9.56,8.36,10.13,8.6,9.89,8.6,9.89,8.83,9.33,8.83,9.33,8.6,6.97,8.61,6.97,6.47,3.78,6.47,3.78,3.74,2.36,97.69783,,61.37663399,90,,11.3,5.595322221,91.49,99.72921,1.01485,98.27006,98.62063,97.28117,97.87538,97.75735,3.52539,,,8,7.739,37,2106.355503,86.40000153,,1593886,,19.63931918,4.63,14.14753,83.63504,23.42061,69.48751,21.04825,46.0669,4.50477,25.01865,,,20.51388,20.51388,,,,10.76287,9.5617,12.71012
ROM,Romania,Romania,Romania,7.88,8.02,10.67,10.38,11.08,11.15,11.94,12.08,10.81,10.46,11.83,11.84,11.6,11.58,11.94,11.94,11.66,11.52,11.66,11.52,10.93,10.53,10.93,10.53,8.75,8.1,8.74,8.08,6.94,6.28,100,,64.78037459,182,34.4,42,3.419629832,54.08,99.29177,0.99998,99.29397,99.2929,98.49235,99.06562,98.76871,2.9855,,,11.1,2.448,99,556.8096847,52.79999924,56.5,9527721,,48.15977117,4.05,9.21189,98.64797,22.97682,89.43608,49.0862,66.45926,3.84444,17.37306,,13.52862,13.52862,,0,,,11.19595,14.87933,22.43357
RUS,Russian Federation,Russian Federation,Russian Federation,9,8.98,11.53,11.4,11.75,11.62,11.85,11.96,11.73,11.59,11.76,11.88,13.8,13.9,13.81,13.93,12.77,12.88,12.04,12.17,11.81,11.91,11.04,11.07,10.11,10.02,9.06,8.89,7.05,6.79,100,,184.6976969,160.5,12.6,47,3.938319804,70.52,99.7524,1.00096,99.65695,99.70373,99.715,99.72784,99.72078,4.15467,,,9.6,4.3089,109,892.8515629,60.5,39.5,76754167,,42.0088763,7.42,5.53559,96.42502,8.86,90.88944,21.92853,82.02943,,,58.09175,60.1009,0.84003,2.00915,0.51963,1.16913,0.64949,,,14.41403
RWA,Rwanda,Republic of Rwanda,Rwanda,5.8,5.88,4.36,4.25,5.66,5.68,5.06,5.2,3.48,3.32,4.66,4.76,3.24,3.45,2.51,2.47,2.42,2.11,2.56,2.02,1.97,1.14,1.97,1.14,1.18,0.37,1.21,0.37,0.54,0.15,18,53.2,5.264096437,34,11.7,33,3.335622747,10.6,82.18623,1.04738,78.46829,80.36506,68.02344,73.20973,70.51592,5.02795,8.9,2.8,41.7,0.056,85,52.48366269,85.19999695,4.5,5694092,31.6,79.09514627,11.35,18.37185,30.20272,3.65344,11.83087,4.65549,8.17743,,,1.4839,3.52194,1.80329,2.03804,0.20114,0.23475,0.03361,22.59902,22.61891,25.80991
SAS,South Asia,South Asia,South Asia,,,,,,,,,,,,,,,,,,,,,,,,,,,,,,,77.95960426,30.57131257,9.056156056,141.6625,17.24285714,38.9125,3.251540272,16.60992469,79.08750414,0.905335951,87.35707899,83.37748475,57.00318361,76.08105548,66.72693124,,,,52.5,0.674654343,232,66.71551051,53.93148981,18.59272207,674393119,16.22224211,55.36513597,13.07,,,,,,,,,,,,,,,,31.17805,21.25872,
SAU,Saudi Arabia,Kingdom of Saudi Arabia,Saudi Arabia,9.14,9.19,8.53,8.22,11.28,11.58,9.64,9.89,7.79,7.17,9.28,9.66,8.46,8.34,7.47,6.57,7.47,6.56,6.14,3.97,6.14,3.96,3.78,1.55,3.78,1.55,3.96,1.63,3.96,1.63,97.69783,18,74.02676347,61,,15,4.843094238,63.7,99.28739,0.99905,99.38161,99.34183,91.05916,97.00087,94.65114,5.13781,,,14.5,2.491,16,1147.445577,52.09999847,28.39999962,12134929,5,46.24036186,4.63,14.81581,81.32467,17.61828,66.50886,23.00254,48.89058,4.90473,25.88804,19.38115,20.9833,1.04723,1.60215,0.55492,0.55492,,10.55623,11.4165,20.27622
SDN,Sudan,Republic of the Sudan,Sudan,3.12,2.99,3.21,2.72,3.95,3.76,4.16,3.82,3.13,2.51,4.11,3.58,4.13,3.52,3.9,3.18,3.39,2.48,1.76,0.97,1.68,0.95,1,0.43,0.96,0.42,0.69,0.24,0.64,0.19,32.56256,91.6,4.230590563,70,7,45.4,,24.64,87.80843,0.96184,91.29205,89.5691,68.60761,83.25704,75.89989,2.21868,,0.2,70.1,0.28,151,129.8438771,45.70000076,,12474754,,79.0376613,19.13,,,,,,,,,,,,,,,,,,46.40313
SEN,Senegal,Republic of Senegal,Senegal,3.92,3.69,2.74,2.18,3.82,3.32,3.16,2.6,2.4,1.78,2.86,2.25,2.61,1.85,2.61,1.85,2.28,1.64,2.28,1.64,1.88,1.14,1.88,1.14,0.99,0.43,0.99,0.43,0.4,0.1,56.5,39.4,4.821965518,81,9.3,47.3,4.134449688,17.7,63.56895,0.83739,75.91344,69.76648,43.84618,68.48625,55.66825,5.59998,20.1,0.5,47.2,0.059,205,49.53139304,69,,6316988,10,87.80904211,11.87,10.88029,21.67751,5.20607,10.79722,2.62326,5.59115,,,0.9277,2.96789,0.88731,2.04018,0.87796,1.15287,0.27491,34.78689,25.1471,30.5844
SGP,Singapore,Republic of Singapore,Singapore,11.97,12.02,10.81,10.34,13.59,13.96,14.4,14.48,10.63,10.12,14.24,14.2,13.54,13.32,12.39,12.14,11,10.74,9.75,9.36,8.88,8.08,7.53,6.49,5.66,4.46,4.51,3.19,2.55,1.6,100,,59.32291633,31,,18.4,6.66474054,82,99.89971,0.99996,99.90372,99.90175,95.08608,98.65672,96.83772,2.90507,,,2.7,1.95,62,2752.320439,65.59999847,30.29999924,3110343,,36.85912232,0,6.94965,85.08542,9.36236,78.13577,18.77716,68.77342,8.70673,49.99625,13.95175,41.28952,27.33778,27.33778,,,,14.91591,14.90509,13.54991
SLB,Solomon Islands,Solomon Islands,Solomon Islands,,,,,,,,,,,,,,,,,,,,,,,,,,,,,,,22.80671,,11.0345148,53,,32,,9,80,0.88889,90,85,69,83.7,76.6,10.00108,,,28.1,0.224,133,102.2431255,63.70000076,,227975,11.3,76.04394861,9.09,,,,,,,,,,,,,,,,32.87436,22.14803,
SLE,Sierra Leone,Republic of Sierra Leone,Sierra Leone,5.61,5.05,4.23,3.34,6.67,5.62,4.24,3.32,3.06,2.16,3.97,2.83,3.45,2.83,3.27,2.17,2.76,1.74,2.32,1.49,1.92,1.13,1.34,0.69,0.96,0.49,0.6,0.31,0.65,0.34,14.2,75.6,0.401917039,82,13.8,31,2.828092846,2.1,59.28985,0.78176,75.84155,67.56872,37.65333,58.73784,48.09047,2.72976,18.3,1.4,120.4,0.022,441,85.90729075,65.09999847,,2440884,22.3,82.92506812,11.59,,,,,,,,,,,,,,,,19.83891,22.50521,7.54674
SLV,El Salvador,Republic of El Salvador,El Salvador,6.66,6.92,7.77,7.58,9.39,9.37,9.27,9.19,7.66,7.4,8.95,8.85,8.5,8.35,9.66,9.49,6.32,5.97,6.32,5.97,5.53,5.07,5.53,5.07,4.99,4.61,4.99,4.61,4.13,4,93.7,28.9,33.1150929,61,14.5,38.7,4.014181998,29.7,97.89313,1.00416,97.48722,97.68962,86.4232,90.71338,88.38683,3.41749,,0.5,16.8,1.596,49,279.6467283,58.40000153,13.69999981,2749893,12.4,55.29484812,5,15.63877,55.45736,13.2438,39.81859,15.35592,26.57479,,,,11.21886,11.21886,,,,,45.60774,29.08626,18.9254
SMR,San Marino,Republic of San Marino,San Marino,,,,,,,,,,,,,,,,,,,,,,,,,,,,,,,100,,213.6726633,45,,40.5,,49.6,,,,,,,,2.38373,,,2.9,5.1,2.1,3459.066537,,38.29999924,,,,,,,,,,,,,,,,,,,,6.344,,
SOM,Somalia,Somali Democratic Republic,Somalia,,,,,,,,,,,,,,,,,,,,,,,,,,,,,,,32.70795,73.6,,,,,,1.63,,,,,,,,,29,0.5,136.8,0.035,491,,52.20000076,,3132863,,98.94649372,,,,,,,,,,,,,,,,,17.89063,20.68412,19.18237
SRB,Serbia,Republic of Serbia,Serbia,8.56,8.54,10.85,10.39,11.7,11.79,12.15,12.43,10.97,10.46,11.85,12.07,11.7,11.73,12.1,12.17,11.98,11.92,11.98,11.92,11.5,11.18,11.46,11.05,9.95,9.05,9.95,9.05,5.15,4.26,100,,43.97233038,131,32.5,39.7,2.672683491,53.5,98.40309,0.99807,98.59301,98.50013,97.18955,99.08668,98.10805,4.42658,0.7,,6.7,2.112,30,632.9248415,40.90000153,34.09999847,3132027,,49.49001138,6.65,2.32731,88.11461,19.22449,85.7873,48.34778,66.56281,,,6.75684,18.21503,10.69646,11.45818,0.47842,0.76172,0.28331,8.3424,8.99388,23.21905
SSD,South Sudan,Republic of South Sudan,South Sudan,,,,,,,,,,,,,,,,,,,,,,,,,,,,,,,5.062558,95.6,0.980861776,427,2.6,29,,15.9,41.74227,0.89029,46.88615,44.33164,25.33905,38.62399,31.93522,0.80521,,2.2,99.2,,319,29.93468686,,,,,84.71986628,,29.57886,62.43326,18.5186,32.85439,4.18421,14.3358,6.41263,10.15158,0,3.73895,2.8897,3.73895,0.64929,0.84926,0.19997,48.15422,,
STP,Sao Tome and Principe,Democratic Republic of São Tomé and Principe,São Tomé and Principe,,,,,,,,,,,,,,,,,,,,,,,,,,,,,,,60.46256,86.6,22.47501815,89,,38.2,,24.41,82.28054,0.9795,84.00217,83.15032,68.37935,81.79942,74.91602,3.90599,6.4,0.8,47.3,0.491,111,165.5537174,,,65384,6.6,85.32641127,,,,,,,,,,,,,,,,,23.18008,21.45882,8.02749
SUR,Suriname,Republic of Suriname,Suriname,,,,,,,,,,,,,,,,,,,,,,,,,,,,,,,100,7.3,47.04094827,113,16.9,27.9,4.4,40.08,99.66259,1.01269,98.41331,99.02992,95.01208,96.13998,95.57191,,,1,21.3,0.911,44,588.627784,51.5,,213762,8,51.34928423,8.8,33.41103,79.28751,37.99412,45.87649,4.33357,7.88237,0,3.54881,,3.54881,3.54881,,,,,12.9791,8.09574,8.72525
SVK,Slovak Republic,Slovak Republic,Slovak Republic,9.97,10.18,12.82,12.77,12.52,12.7,12.76,12.96,13.07,12.98,13.43,13.5,13.37,13.43,13.38,13.43,13.3,13.31,13.31,13.31,13.12,13,13.12,13,12.67,12.4,12.67,12.4,11.84,11.48,100,,58.84848828,121,42.9,51.2,3.164993681,79.98,99.52757,1.00156,99.37242,99.44809,99.64266,99.59394,99.6192,3.93731,,0.1,7.3,3.32,8.6,1454.81013,51.59999847,72.5,2738420,,39.89910295,4.05,0.4696,99.7523,13.32181,99.28269,68.07978,85.96088,,,,17.8811,17.8811,,,,,10.99898,11.5124,16.32972
SVN,Slovenia,Republic of Slovenia,Slovenia,8.42,8.81,11.89,11.9,11.75,12.02,12.66,13.22,12.13,12.08,12.94,13.39,12.39,12.66,12.65,12.91,12.34,12.35,12.36,12.37,11.91,11.73,11.92,11.74,11.53,11.18,11.54,11.19,10.71,10.23,100,,95.79507762,38,22.5,31,4.96997423,71.59,99.91309,1.00099,99.81388,99.86217,99.69954,99.73276,99.71596,5.65882,,0.1,2.6,2.516,9.8,2160.746701,52.09999847,57.5,1012624,,47.4944993,4.05,2.72197,99.87038,17.36876,97.14841,54.95787,79.77965,,,24.82178,24.82178,,,,,,7.27727,12.99036,13.59104
SWE,Sweden,Kingdom of Sweden,Sweden,9.05,9.14,11.64,11.76,11.46,11.58,12.27,12.61,11.89,12,12.61,12.95,12.63,12.87,12.63,12.87,12.3,12.56,12.3,12.55,11.74,12.01,12.58,12.87,11.09,11.25,11.09,11.25,9.12,8.88,100,,40.24318317,52,39.1,49.1,5.620067571,92.52,,,,,,,,7.65619,,0.2,3,3.926,9.4,6807.717778,58.90000153,47.20000076,5146596,,57.96719253,4.05,10.88991,98.34854,14.7626,87.45863,37.3687,72.69603,5.31953,35.32733,8.33193,30.0078,11.46417,21.67587,9.0528,10.21171,1.15891,9.49987,9.54331,13.98772
SWZ,Swaziland,Kingdom of Swaziland,Swaziland,5.86,6.24,5.06,5.08,6.7,6.98,6.55,6.77,4.02,3.86,3.87,4.08,3.9,3.88,3.63,3.48,3.16,2.92,2.98,2.78,2.74,2.45,2.11,1.77,1.5,1.31,1.32,1.18,1.05,0.97,42,32.7,32.07532397,137,22.1,34.7,3.448592603,27.1,96.02217,1.02663,93.53128,94.77031,87.49804,87.44112,87.47019,8.63695,2.9,27.7,60.7,0.17,605,247.8964248,44.79999924,,457000,26.8,69.85812945,8.08,,,,,,,,,,,,,,,,19.32175,12.55396,17.55338
SXM,,Sint Maarten (Dutch part),Sint Maarten (Dutch part),,,,,,,,,,,,,,,,,,,,,,,,,,,,,,,,,,,,,,,,,,,,,,,,,,,0,,,,,,,,,,,,,,,,,,,,,,,,,
SYC,Seychelles,Republic of Seychelles,Seychelles,,,,,,,,,,,,,,,,,,,,,,,,,,,,,,,100,,66.01187205,137,,30.1,4.959871492,54.26,99.55483,1.00994,98.57544,99.04745,95.69779,94.74058,95.2136,3.60646,,,13.6,1.067,33,494.1282842,,,,,43.01137519,4.35,23.54722,90.3315,22.62589,66.78428,,44.15839,36.77688,,,7.38151,7.38151,,,,,14.12647,13.07451,8.58929
SYR,Syrian Arab Republic,Syrian Arab Republic,Syrian Arab Republic,7.48,7.48,6.7,6.08,8.05,7.84,7.34,7.15,6.25,5.4,7.14,6.82,7.02,6.2,7.02,6.2,6.18,4.64,6.18,4.64,4.74,2.81,4.44,2.6,3.16,1.32,3.16,1.32,1.68,0.8,96.26256,19.3,7.423981817,71,,42.7,3.4,28.09,95.55053,0.98397,97.10737,96.35466,80.98378,91.7203,86.43327,5.13014,,0.1,12.9,1.455,19,66.45497393,38.90000153,19.79999924,6104352,,68.75956412,16.3,33.4213,67.49159,12.17072,34.07029,9.46058,21.89957,6.19342,12.43899,,6.24558,6.24558,,,,,16.64287,8.46774,52.38976
TCA,Turks and Caicos Islands,Turks and Caicos Islands,Turks and Caicos Islands,,,,,,,,,,,,,,,,,,,,,,,,,,,,,,,90.87544,,,,,,,,,,,,,,,,,,,,8.7,,,,,,,,,,,,,,,,,,,,,,,8.87778,9.21739,
TCD,Chad,Republic of Chad,Chad,,,,,,,,,,,,,,,,,,,,,,,,,,,,,,,6.4,88.2,0.934650958,67,43.3,63.5,1.371974387,2.5,50.17405,0.90732,55.2994,52.74952,31.92266,48.49126,40.17137,2.85071,,2.5,138.7,0.037,209,37.10492956,66.59999847,2,5060290,34.4,101.8008431,17.38,3.01962,8.52987,,5.51025,2.29226,,,,,3.21799,3.21799,,,,,41.55428,17.82284,10.87494
TGO,Togo,Republic of Togo,Togo,8.16,7.63,5.49,4.04,8.21,6.9,5.89,4.4,4.33,2.85,5.13,3.5,4.83,3.36,4.75,3.24,4.31,2.48,4.24,2.43,3,1.5,2.95,1.48,1.89,0.77,1.89,0.77,0.81,0.49,31.46256,51.2,4.818009163,51,6.6,48.5,,5.7,81.37272,0.9155,88.88323,85.13502,55.30224,78.31331,66.5473,4.83798,11.2,2.4,78.4,0.053,81,33.89092289,75.40000153,,3318091,11.4,82.43086183,11.87,23.13128,,17.97651,26.84598,5.93077,8.86947,0.31609,2.9387,,2.62261,2.62261,,,,,33.93276,16.20854,24.43975
THA,Thailand,Kingdom of Thailand,Thailand,10.48,10.87,7.99,7.88,10.47,10.86,10.49,10.92,7.3,7.1,9.71,9.94,9.71,9.72,7.39,7.18,6.95,6.65,6.37,5.97,5.71,5.31,3.56,3.22,3.35,3,2.65,2.37,2.65,2.37,100,25,111.9143573,37,39,27.5,4.490343081,34.89,98.16752,0.99863,98.30183,98.23517,96.68137,96.64774,96.66507,4.92835,,1.1,12.3,0.393,236,360.3830032,71.5,19.5,40055849,7.4,38.99191814,8.84,21.84486,59.96912,11.15814,38.12426,14.24044,26.96612,0.93573,12.72568,,11.78995,11.78995,,,,,20.87792,17.82866,20.43101
TJK,Tajikistan,Republic of Tajikistan,Tajikistan,8.95,9.85,10.3,10.59,9.88,10.58,9.69,10.66,10.9,10.83,10.77,10.66,11.05,10.92,12,11.8,12,11.68,12,11.68,11.66,10.99,11.66,11,9.75,8.52,9.87,8.68,7.66,6.81,100,,10.41371326,133,16.9,81.8,2.097190657,17.49,99.88924,1.00028,99.86141,99.87511,99.72076,99.82683,99.77334,4.01803,28.3,0.4,44.8,1.918,128,76.39130143,60.70000076,65.90000153,3676342,33.2,61.24307279,7.11,4.73972,97.15794,13.45508,92.41822,59.141,78.96314,9.17523,19.82214,,10.64691,10.64691,,,,,21.61915,8.43554,17.5542
TKM,Turkmenistan,Turkmenistan,Turkmenistan,,,,,,,,,,,,,,,,,,,,,,,,,,,,,,,100,,,,,,,12.2,99.90961,1.00146,99.76436,99.8363,99.62982,99.75982,99.69291,3.04925,21.8,,51.4,2.389,88,186.7162285,55.29999924,,2348403,5,48.16245422,4.15,5.71415,96.48262617,13.6962,90.76847617,44.86063,77.07227617,19.55168,32.21164617,,12.65996617,12.65996617,,,,,,,5.44319
TMP,Timor-Leste,Democratic Republic of Timor-Leste,Timor-Leste,,,,,,,,,,,,,,,,,,,,,,,,,,,,,,,41.56256,,5.568315533,63,2.2,11.2,2.2,1.14,82.86038,1.01183,81.89183,82.36731,63.43558,71.49014,67.52085,7.00852,43.2,,52.6,0.073,820,57.08171056,36,22.10000038,264426,26.9,91.49517355,2.5,,,,,,,,,,,,,,,,25.2543,28.63492,13.98579
TON,Tonga,Kingdom of Tonga,Tonga,11.09,11.22,10.82,10.82,12.19,12.43,12.14,12.41,10.71,10.68,11.93,12.14,10.87,10.92,10.87,10.92,10.68,10.63,10.68,10.63,9.93,9.71,9.94,9.71,8.95,8.81,8.95,8.81,7.8,7.49,95.86256,,27.21499849,42,7.8,30.1,,40,99.54419,1.0019,99.35494,99.44567,99.44529,99.34896,99.39788,3.89872,,,16.7,0.563,21,212.9750355,,,42390,,75.00248616,11.71,8.0288,95.88544,33.81472,87.85664,37.28866,54.04192,10.53628,16.75326,,6.21698,6.21698,,,,,15.26935,13.32036,5.1068
TTO,Trinidad and Tobago,Republic of Trinidad and Tobago,Trinidad and Tobago,11.04,11.13,10.63,10.63,11.96,12.21,11.7,11.84,10.37,10.33,11.37,11.46,10.93,11.01,11.64,11.73,10.24,10.29,10.24,10.29,9.26,9.14,9.26,9.14,8.06,7.83,8.06,7.83,7.13,6.65,99.8278,24.7,40.84317632,61,11,32.2,3.998805971,65.1,99.61939,1.00018,99.60181,99.6105,98.69415,99.2425,98.96305,3.156,0.7,,20.4,1.175,23,1090.993283,61.5,63,686710,7.4,42.74800472,5.46,34.81218,94.13033,2.88088,59.31815,12.72604,56.43727,34.14881,43.71123,,9.56242,9.56242,,,,,13.49841,,9.73895
TUN,Tunisia,Republic of Tunisia,Tunisia,9.1,9.41,7.48,6.87,10.55,10.99,9.98,10.09,6.58,5.7,8.61,8.28,7.23,6.29,7.26,6.29,5.81,4.46,5.83,4.45,4.47,2.74,4.46,2.73,1.89,0.8,1.89,0.8,0.92,0.27,100,8,23.34835359,65,16.8,59.9,3.564477007,46.16,97.76211,0.99405,98.34687,98.06133,74.24136,89.62293,81.77949,6.22349,,0.1,14,1.222,42,305.305519,41.29999924,37.90000153,4023313,5,44.47706256,19,33.70609,,,27.20068,27.20068,,,,,13.24524,13.24524,,,,,15.14807,11.8281,14.5336
TUR,Turkey,Republic of Turkey,Turkey,8.1,8.01,7.05,6.31,9.12,8.68,8.5,7.93,6.56,5.69,7.96,7.33,7.02,6.3,7.02,6.3,6.29,5.35,6.29,5.35,5.25,4.06,5.25,4.06,3.83,2.75,3.83,2.75,2.74,1.9,100,11.9,77.08147112,63,32.4,40.9,4.488519844,51.04,98.80809,0.99127,99.67821,99.24951,91.8348,98.38859,95.01062,2.86247,5.8,,13.5,1.711,22,567.6311267,44.79999924,20.29999924,27778482,5,49.99976986,4.36,33.45095,84.34403,18.27676,50.89308,18.23663,32.61631,,,,14.37968,12.8794,,1.15672,1.50029,0.34356,20.63689,19.59875,38.08324
TUV,Tuvalu,Tuvalu,Tuvalu,,,,,,,,,,,,,,,,,,,,,,,,,,,,,,,44.56256,,,,,,,37,,,,,,,,7.55418,,,27.1,1.091,238,632.8411611,,,,,,8.21,,,,,,,,,,,,,,,,25.25806,10.4359,
TZA,Tanzania,United Republic of Tanzania,Tanzania,7.08,7.33,5.81,5.41,6.82,6.64,6.02,5.8,5.12,4.46,5.54,5.38,5.66,5.39,5.69,5.29,5.03,4.09,5.7,4.64,3.73,2.46,3.73,2.46,2.29,1.26,2.31,1.27,1.59,0.66,15.3,50.7,5.744827398,109,17.6,43.9,3.380111122,4.86,87.16488,0.99676,87.44783,87.30674,75.87088,84.82155,80.32054,3.48143,17.8,5.3,48.7,0.031,528,51.71747631,86.30000305,,25284702,32.1,93.92429103,11.35,53.76392,64.79052,7.63064,11.0266,0.84032,3.39596,0.62728,2.55564,,1.92836,1.92836,,,,,,,34.44989
UGA,Uganda,Republic of Uganda,Uganda,5.4,5.7,5.7,5.23,6.98,7.03,6.64,5.86,5.42,4.51,6.07,5.34,5.72,4.83,5.6,4.62,5,3.64,4.05,2.95,3.9,2.77,3.9,2.77,2.47,1.85,2.47,1.85,2.19,1.99,18.16256,53.6,4.227783433,86,11.6,36.5,2.533933393,17.71,86.56882,0.99019,87.42644,86.99851,66.89187,80.84932,73.8633,2.20093,17.1,7.3,54.6,0.117,159,52.29424027,74.5,3.5,15111603,25.5,103.3530759,11.34,43.10337,63.18631,12.17431,20.08294,1.38901,7.90863,5.23014,6.51961,,1.28948,1.28948,1.28948,,,,19.01322,18.01159,24.47362
UKR,Ukraine,Ukraine,Ukraine,8.29,8.15,11.15,11.11,11.41,11.33,10.84,10.91,11.34,11.29,10.7,10.93,13.17,13.42,13.32,13.61,12.4,12.64,11.82,12.07,11.66,11.77,11.67,11.78,10.28,10.1,10.23,10.03,7.54,7.04,100,,94.55598808,263,16.6,52.2,3.161451566,43.4,99.80673,1.00087,99.72038,99.76256,99.74154,99.79303,99.76476,6.67166,0.1,1.2,9,3.543,114,202.6585798,55,2.099999905,23089480,,42.60412564,4.07,8.60397,96.7847,14.16576,88.18073,36.02941,74.01497,0,37.98556,21.30723,37.98556,0.46189,16.67833,16.21644,16.21644,,,,11.01798
URY,Uruguay,Oriental Republic of Uruguay,Uruguay,7.83,8.17,8.17,8.36,9.13,9.41,9.09,9.51,8.11,8.28,9.11,9.53,8.92,9.23,8.92,9.23,8.51,8.78,8.53,8.8,7.78,7.98,7.79,8,6.62,6.73,6.61,6.72,5.72,5.76,99.5,,51.96796951,48,10.8,41.8,4.698681604,61.46,99.33426,1.00836,98.51025,98.91459,98.69931,98.12311,98.42512,4.35527,,0.7,10.1,3.736,35,1442.276451,61.20000076,26.89999962,1763727,5,56.11947113,11.2,36.31024,88.62465,24.73551,52.31441,15.79148,27.5789,0,11.78742,4.58982,11.78742,5.7916,7.1976,1.34489,1.40601,0.06111,10.1362,13.78374,9.85301
USA,United States,United States of America,United States,10.62,10.67,13.18,13.23,13.42,13.58,13.73,13.94,13.42,13.44,13.67,13.84,13.65,13.77,13.62,13.77,13.49,13.6,13.43,13.47,13.5,13.49,13.53,13.45,13.29,13.12,12.83,12.67,12.49,12.3,100,,173.0834853,89.6,,43.9,5.72790979,87.36,,,,,,,,5.2239,,,6.5,2.452,3.8,9402.536971,58.5,58,161048950,,50.2563887,3.38,3.66249,98.86702,7.05423,95.20453,46.64564,88.15031,,,9.84401,41.50467,20.09422,31.66066,9.88928,11.56644,1.67716,14.71113,14.67932,12.75795
UZB,Uzbekistan,Republic of Uzbekistan,Uzbekistan,,,,,,,,,,,,,,,,,,,,,,,,,,,,,,,100,,8.48378239,89,4,41.1,,43.55,99.99946,1.00101,99.89893,99.94834,99.47005,99.72083,99.59366,,,0.2,39.1,2.534,122,124.1090975,55.29999924,,13606265,5,49.59762719,13.98,,,,,,,,,,,,,,,,,,12.05147
VCT,St. Vincent and the Grenadines,St. Vincent and the Grenadines,St. Vincent and the Grenadines,,,,,,,,,,,,,,,,,,,,,,,,,,,,,,,75.90575,,31.63902308,52,20.9,38.6,,56.48,,,,,,,,5.08415,,,18.3,0.525,33,575.057346,,23.79999924,54985,6.2,47.09403204,8.8,,,,,,,,,,,,,,,,17.84634,15.0856,7.05208
VEN,"Venezuela, RB",República Bolivariana de Venezuela,"Venezuela, RB",8.66,9,8.41,8.7,9.52,9.96,9.5,10.05,8.16,8.41,9.76,10.42,9.24,9.69,8.77,9.16,8.06,8.26,8.06,8.26,7.03,6.96,6.16,6.09,4.42,4.23,4.42,4.23,3.29,2.98,100,32,43.65658446,178,25.9,65,2.554572707,57,98.3475,1.01254,97.12917,97.72783,95.72236,94.99869,95.36245,6.87468,,0.6,14.9,1.939,29,873.3843222,59.5,25.5,14304546,5,52.69932426,12.9,27.26694,,,63.03974,39.06431,,0,23.97543,6.13076,23.97543,17.84467,17.84467,,,,8.77154,6.6364,12.87448
VIR,Virgin Islands (U.S.),Virgin Islands of the United States,Virgin Islands (U.S.),,,,,,,,,,,,,,,,,,,,,,,,,,,,,,,90.87544,,,,,,,50.07,,,,,,,,,,,,1.645,9.9,,,,51495,,59.39924408,,,,,,,,,,,,,,,,,,,
VNM,Vietnam,Socialist Republic of Vietnam,Vietnam,4.09,3.87,7.15,6.81,8.57,8.54,8.42,8.35,7.45,7,8.51,8.39,7.75,7.63,7.66,7.38,7.64,7.33,6.16,5.32,6.13,5.29,6.12,5.26,6.08,5.23,6.08,5.23,6.08,5.23,99,27.2,23.59304334,59,16.7,39.4,3.913816844,48.31,97.95814,0.99804,98.15061,98.05682,92.83022,96.27713,94.50683,6.30311,17.9,0.5,21.7,1.19,198,142.3738891,75.90000153,,54206654,11,42.30469009,8.7,28.29141,,39.31958,64.99953,13.60185,25.67995,5.38209,12.0781,,6.69601,6.69601,,,,,15.62477,27.6063,29.37942
VUT,Vanuatu,Republic of Vanuatu,Vanuatu,,,,,,,,,,,,,,,,,,,,,,,,,,,,,,,27.07681,,34.74825801,122,27,8.5,,18.8,95.98255,1.00496,95.50891,95.7395,83.81024,86.63192,85.22518,5.01287,,,27.5,0.116,90,157.5106888,,,115716,6.4,69.1669825,7.87,,,,,,,,,,,,,,,,17.77791,14.82099,24.86111
WBG,West Bank and Gaza,West Bank and Gaza,West Bank and Gaza,,,,,,,,,,,,,,,,,,,,,,,,,,,,,,,97.69783,,21.14122446,63,7.8,15.3,,53.67,99.32716,0.99907,99.4194,99.37421,94.77487,98.48684,96.65014,,,,21.1,0.837,7.1,,30.60000038,38.59999847,1056569,,76.97546185,,34.56619,92.58731,19.51397,58.02112,15.9697,38.50715,,,6.28121,22.53745,14.60408,16.25624,1.34007,1.65216,0.31209,20.679,16.63306,25.53533
WSM,Samoa,Samoa,Samoa,,,,,,,,,,,,,,,,,,,,,,,,,,,,,,,100,,41.70072226,34,31.3,18.1,,21.2,99.44846,1.00553,98.90178,99.16026,99.12481,98.91145,99.01502,5.14421,,,17.5,0.479,31,301.0971126,,,49879,5,74.45688252,10.55,26.55946,99.02468,,,57.20136,72.46522,15.26387,15.26387,,,,,,,,23.61408,17.41565,7.82781
YEM,"Yemen, Rep.",Republic of Yemen,"Yemen, Rep.",5.49,5.02,3.68,2.66,5.24,4.55,4.74,2.84,2.6,1.31,4.03,2.28,3.17,1.28,2.13,0.63,0.8,0.25,0.36,0.13,0.15,0.06,0.01,0.01,0.01,0.01,0.02,0.02,0.02,0.02,48.40671,60.8,4.896862488,110,4.9,33.1,2.6,22.55,82.66211,0.84738,97.5501,90.23408,55.01955,85.12644,70.07401,4.5606,9.7,0.1,41.9,0.197,63,79.93696624,40.5,2,7628379,26.1,76.64426788,6.01,,,,,,,,,,,,,,,,11.09061,24.17273,32.21479
ZAF,South Africa,Republic of South Africa,South Africa,9.43,9.79,9.69,9.64,11.08,11.23,11.03,11.21,9.43,9.27,10.78,10.87,10.23,10.15,10.23,10.15,8.74,8.5,8.74,8.5,7.35,7.02,7.36,7.02,6.59,6.23,6.59,6.23,5.64,5.39,85.4,23,66.19826566,226,26.4,28.8,4.8698817,49,99.39337,1.00754,98.64921,99.02325,93.12682,95.50745,94.26664,6.05629,,18.9,40.5,0.776,696,570.2060736,39.40000153,31.29999924,19980062,5,52.79813346,8.08,5.68575,79.9444,13.61646,74.25865,47.23373,60.6422,7.04975,13.40847,,6.35871,6.35871,,,,,,,22.80147
ZAR,"Congo, Dem. Rep.",Democratic Republic of the Congo,"Congo, Dem. Rep.",3.62,3.23,3.66,2.58,3.85,2.64,3.75,2.56,3.61,2.33,3.85,2.62,4.29,2.79,5.25,3.76,4.42,2.7,2.97,1.89,2.23,1.25,1.74,0.77,1.39,0.48,1.17,0.32,1.05,0.25,16.4,74.8,1.143968098,56,13.3,54.6,,3,80.46031,0.8784,91.59913,86.03602,66.03571,88.85707,77.28964,2.24475,24.4,1,98.3,0.107,532,11.63902687,66.19999695,,29023417,,96.56541344,11.13,,,,,,,,,,,,,,,,,,15.3402
ZMB,Zambia,Republic of Zambia,Zambia,8.69,9,7.32,6.96,7.35,7.05,7.09,7.04,6.6,5.84,7.47,7.11,7.01,6.56,7.02,6.34,6.48,5.11,6.66,5.21,6.65,5.21,4.17,2.54,3.59,2.09,3.69,2.12,2.36,2.18,22.06256,54,9.58545608,117,15.5,18.6,2.178387154,17.34,62.12768,0.89487,69.42641,65.75706,55.95566,70.8927,63.37661,1.09972,23.5,12.4,64,0.173,436,85.85307416,68.69999695,,6720673,47.8,96.12216519,11.76,,,,,,,,,,,,,,,,47.94506,,13.11847
ZWE,Zimbabwe,Republic of Zimbabwe,Zimbabwe,7.7,8.02,7.61,7.38,8.71,8.85,8.54,8.52,7.25,6.69,9.04,8.86,8,7.5,7.82,7.2,6.08,5.04,6.08,5.04,4.21,3.43,4.21,3.43,3.23,2.55,3.32,2.6,4.23,3.85,40.46256,25.1,5.296573319,106,18,32.8,3.244776683,19.89,93.48849,1.03922,89.95997,91.72705,84.55143,88.53032,86.50256,1.9661,7.5,16.7,70.7,0.083,292,57.71045218,82,,7721545,33.4,80.45643864,13.09,18.27621,73.47838,49.67546,55.20217,2.43792,5.52671,,,,,3.08879,3.08879,,,,,,16.99747
